heldout_country,site_key,source_index,country,true_class,role
China,21.109860_72.643730,14,India,iron_still_plant,train
China,20.998640_86.019100,15,India,iron_still_plant,train
China,20.944800_86.058130,17,India,iron_still_plant,train
China,23.536460_87.258650,18,India,iron_still_plant,train
China,15.181790_76.669400,19,India,iron_still_plant,train
China,18.689750_73.040120,20,India,iron_still_plant,train
China,23.670510_86.925200,21,India,iron_still_plant,train
China,21.927530_83.347870,22,India,iron_still_plant,train
China,21.184380_81.390960,24,India,iron_still_plant,train
China,17.618830_83.193880,26,India,iron_still_plant,train
China,22.785040_86.199470,27,India,iron_still_plant,train
China,23.685290_86.102100,28,India,iron_still_plant,train
China,20.971050_86.009760,29,India,iron_still_plant,train
China,11.655100_78.031960,30,India,iron_still_plant,train
China,35.941421_-89.713819,32,USA,iron_still_plant,train
China,40.395140_-79.859645,33,USA,iron_still_plant,train
China,41.121613_-85.348602,34,USA,iron_still_plant,train
China,36.353006_-76.811471,35,USA,iron_still_plant,train
China,41.620799_-87.348266,37,USA,iron_still_plant,train
China,41.785971_-89.710947,38,USA,iron_still_plant,train
China,41.568783_-84.048129,39,USA,iron_still_plant,train
China,35.901162_-89.776190,40,USA,iron_still_plant,train
China,30.941783_-88.012437,41,USA,iron_still_plant,train
China,39.488589_-84.386197,42,USA,iron_still_plant,train
China,33.480697_-86.937854,44,USA,iron_still_plant,train
China,34.639630_-87.085738,45,USA,iron_still_plant,train
China,40.314891_-80.605553,46,USA,iron_still_plant,train
China,38.759878_-84.996204,48,USA,iron_still_plant,train
China,41.464041_-81.676499,49,USA,iron_still_plant,train
China,32.457544_-97.034246,50,USA,iron_still_plant,train
China,35.644264_-89.941659,51,USA,iron_still_plant,train
China,33.447580_-88.572683,53,USA,iron_still_plant,train
China,41.669553_-87.438429,54,USA,iron_still_plant,train
China,33.234761_-87.508498,56,USA,iron_still_plant,train
China,41.482009_-90.820921,57,USA,iron_still_plant,train
China,38.725418_-85.076015,58,USA,iron_still_plant,train
China,9.978700_76.226100,71,India,lng_terminals,train
China,20.726656_70.739765,73,India,lng_terminals,train
China,13.290320_80.342932,74,India,lng_terminals,train
China,21.097433_72.623663,75,India,lng_terminals,train
China,17.300000_73.200000,76,India,lng_terminals,train
China,22.737600_69.666300,78,India,lng_terminals,train
China,27.811200_-97.398500,79,USA,lng_terminals,train
China,42.392300_-71.058800,81,USA,lng_terminals,train
China,28.932000_-95.317300,82,USA,lng_terminals,train
China,29.600400_-89.886400,83,USA,lng_terminals,train
China,32.091100_-81.000200,84,USA,lng_terminals,train
China,29.750900_-93.872400,85,USA,lng_terminals,train
China,30.112300_-93.287900,86,USA,lng_terminals,train
China,38.385400_-76.409800,87,USA,lng_terminals,train
China,30.322300_-88.503600,88,USA,lng_terminals,train
China,29.774200_-93.323900,90,USA,lng_terminals,train
China,21.236500_73.353600,102,India,nuclear_plants,train
China,8.169100_77.713300,103,India,nuclear_plants,train
China,19.829400_72.661700,105,India,nuclear_plants,train
China,12.557400_80.175800,106,India,nuclear_plants,train
China,28.155000_78.405000,108,India,nuclear_plants,train
China,40.226300_-75.587600,109,USA,nuclear_plants,train
China,46.471100_-119.333600,110,USA,nuclear_plants,train
China,29.995300_-90.472200,111,USA,nuclear_plants,train
China,44.621900_-92.633100,112,USA,nuclear_plants,train
China,35.433100_-80.948600,113,USA,nuclear_plants,train
China,39.758900_-76.268900,115,USA,nuclear_plants,train
China,40.154000_-76.724900,116,USA,nuclear_plants,train
China,35.226100_-85.087800,117,USA,nuclear_plants,train
China,33.141700_-81.764700,118,USA,nuclear_plants,train
China,44.281400_-87.537600,119,USA,nuclear_plants,train
China,32.006400_-91.047200,121,USA,nuclear_plants,train
China,35.211700_-120.855800,122,USA,nuclear_plants,train
China,33.388000_-112.861700,123,USA,nuclear_plants,train
China,34.704900_-87.118900,125,USA,nuclear_plants,train
China,34.793800_-82.897100,126,USA,nuclear_plants,train
China,35.051900_-81.070800,127,USA,nuclear_plants,train
China,43.520600_-76.407800,128,USA,nuclear_plants,train
China,30.757500_-91.331400,129,USA,nuclear_plants,train
China,38.431900_-76.441900,130,USA,nuclear_plants,train
China,35.603300_-84.786900,132,USA,nuclear_plants,train
China,25.957220_72.183910,156,India,oil_refineries,train
China,12.985800_74.844240,158,India,oil_refineries,train
China,19.012650_72.903520,159,India,oil_refineries,train
China,16.501510_81.895690,160,India,oil_refineries,train
China,9.969460_76.372520,161,India,oil_refineries,train
China,29.452480_76.868890,164,India,oil_refineries,train
China,20.261510_86.604780,165,India,oil_refineries,train
China,22.336790_69.866580,166,India,oil_refineries,train
China,26.582410_93.787210,167,India,oil_refineries,train
China,22.042860_88.105000,168,India,oil_refineries,train
China,29.918170_74.952240,169,India,oil_refineries,train
China,26.519460_90.531440,170,India,oil_refineries,train
China,22.362000_69.905000,171,India,oil_refineries,train
China,19.016370_72.894150,172,India,oil_refineries,train
China,22.329730_69.744360,174,India,oil_refineries,train
China,27.381110_77.686180,175,India,oil_refineries,train
China,27.390120_95.619350,176,India,oil_refineries,train
China,22.379310_73.118720,177,India,oil_refineries,train
China,26.184970_91.809280,179,India,oil_refineries,train
China,29.985278_-90.392778,180,USA,oil_refineries,train
China,29.957935_-93.897484,181,USA,oil_refineries,train
China,48.884000_-122.735000,182,USA,oil_refineries,train
China,29.070847_-95.750363,183,USA,oil_refineries,train
China,41.421111_-88.191944,185,USA,oil_refineries,train
China,30.061320_-90.593530,186,USA,oil_refineries,train
China,38.840401_-90.070774,187,USA,oil_refineries,train
China,33.908200_-118.408500,188,USA,oil_refineries,train
China,29.868333_-93.968333,190,USA,oil_refineries,train
China,38.377246_-82.597162,191,USA,oil_refineries,train
China,30.181490_-93.324051,192,USA,oil_refineries,train
China,36.682100_-97.089500,193,USA,oil_refineries,train
China,41.663055_-87.479643,194,USA,oil_refineries,train
China,29.374444_-94.925000,195,USA,oil_refineries,train
China,33.813230_-118.242980,196,USA,oil_refineries,train
China,29.739444_-95.006944,198,USA,oil_refineries,train
China,30.343733_-88.493800,200,USA,oil_refineries,train
China,29.369167_-94.911111,201,USA,oil_refineries,train
China,30.065833_-94.071388,202,USA,oil_refineries,train
China,30.001107_-90.402221,203,USA,oil_refineries,train
China,29.891073_-93.949641,204,USA,oil_refineries,train
China,29.722222_-95.126944,206,USA,oil_refineries,train
China,38.998676_-87.724781,207,USA,oil_refineries,train
China,37.938779_-122.396453,208,USA,oil_refineries,train
China,27.810775_-97.436658,209,USA,oil_refineries,train
China,16.294139_77.355852,248,India,power_plants,train
China,21.996332_82.670092,249,India,power_plants,train
China,20.810394_79.053632,250,India,power_plants,train
China,21.686272_72.583894,252,India,power_plants,train
China,21.126354_84.984298,253,India,power_plants,train
China,21.036851_78.935301,255,India,power_plants,train
China,20.271546_78.979132,257,India,power_plants,train
China,13.159182_74.801536,258,India,power_plants,train
China,22.134102_85.383618,259,India,power_plants,train
China,19.001928_72.897914,260,India,power_plants,train
China,21.582274_72.222780,261,India,power_plants,train
China,22.071338_82.602720,262,India,power_plants,train
China,20.602567_79.960522,263,India,power_plants,train
China,21.094433_85.074208,264,India,power_plants,train
China,20.010774_79.204130,266,India,power_plants,train
China,20.535118_85.908440,267,India,power_plants,train
China,21.119507_72.640143,268,India,power_plants,train
China,18.911331_76.550900,269,India,power_plants,train
China,21.311907_81.613041,270,India,power_plants,train
China,21.234812_79.091091,271,India,power_plants,train
China,22.106019_83.452647,273,India,power_plants,train
China,17.552296_75.984170,274,India,power_plants,train
China,15.187821_76.664218,275,India,power_plants,train
China,20.928137_78.933634,276,India,power_plants,train
China,21.451357_81.857265,278,India,power_plants,train
China,21.785861_84.057746,279,India,power_plants,train
China,11.053510_77.995319,280,India,power_plants,train
China,22.105393_88.177149,282,India,power_plants,train
China,20.961104_86.049626,283,India,power_plants,train
China,21.962763_82.355160,284,India,power_plants,train
China,11.520733_79.750239,285,India,power_plants,train
China,17.164344_77.294419,287,India,power_plants,train
China,21.735718_84.061814,288,India,power_plants,train
China,17.295813_73.214317,289,India,power_plants,train
China,21.065816_86.456459,290,India,power_plants,train
China,18.869301_76.524829,291,India,power_plants,train
China,21.408806_79.965266,293,India,power_plants,train
China,14.703775_78.455557,294,India,power_plants,train
China,18.384136_79.826372,295,India,power_plants,train
China,19.930790_79.119793,296,India,power_plants,train
China,22.102958_76.536267,298,India,power_plants,train
China,21.275119_79.124303,299,India,power_plants,train
China,15.171382_76.377211,300,India,power_plants,train
China,20.836833_70.691523,301,India,power_plants,train
China,19.955389_72.748536,302,India,power_plants,train
China,22.065238_75.851197,303,India,power_plants,train
China,16.499536_75.836263,305,India,power_plants,train
China,16.706160_79.575595,306,India,power_plants,train
China,21.184364_81.423720,308,India,power_plants,train
China,21.961752_82.410503,309,India,power_plants,train
China,21.691583_83.859812,310,India,power_plants,train
China,21.529949_83.906464,311,India,power_plants,train
China,21.963325_83.891044,312,India,power_plants,train
China,20.853179_85.193786,313,India,power_plants,train
China,21.211415_73.560097,315,India,power_plants,train
China,20.925224_71.459772,317,India,power_plants,train
China,21.395536_73.107464,318,India,power_plants,train
China,22.130668_83.264485,319,India,power_plants,train
China,20.807666_85.291187,320,India,power_plants,train
China,21.910421_83.187371,322,India,power_plants,train
China,19.195711_83.028021,323,India,power_plants,train
China,21.664922_83.922943,324,India,power_plants,train
China,18.827453_79.573524,325,India,power_plants,train
China,11.592651_79.467958,326,India,power_plants,train
China,22.110025_78.174677,328,India,power_plants,train
China,19.980231_73.892310,329,India,power_plants,train
China,16.356359_77.340639,331,India,power_plants,train
China,19.864702_74.083141,332,India,power_plants,train
China,18.758290_79.453779,333,India,power_plants,train
China,11.547959_79.443405,334,India,power_plants,train
China,20.910220_85.208016,335,India,power_plants,train
China,22.128438_83.535072,336,India,power_plants,train
China,20.006349_79.287595,338,India,power_plants,train
China,20.514822_85.723424,339,India,power_plants,train
China,20.707247_78.629038,340,India,power_plants,train
China,33.062590_-83.803880,342,USA,power_plants,train
China,35.761610_-95.287460,343,USA,power_plants,train
China,31.423330_-96.251390,344,USA,power_plants,train
China,38.935830_-82.116670,345,USA,power_plants,train
China,30.726670_-91.366940,347,USA,power_plants,train
China,40.530000_-80.630830,348,USA,power_plants,train
China,39.383890_-80.331110,349,USA,power_plants,train
China,45.883610_-106.614170,350,USA,power_plants,train
China,33.242790_-86.461120,351,USA,power_plants,train
China,40.095560_-76.696940,353,USA,power_plants,train
China,31.006110_-88.011110,354,USA,power_plants,train
China,40.384720_-79.063610,356,USA,power_plants,train
China,42.773890_-82.495000,357,USA,power_plants,train
China,39.286110_-96.116940,358,USA,power_plants,train
China,32.261670_-94.564720,360,USA,power_plants,train
China,36.314720_-86.400280,361,USA,power_plants,train
China,37.925560_-87.033890,362,USA,power_plants,train
China,27.795830_-82.403610,364,USA,power_plants,train
China,38.474720_-81.821110,365,USA,power_plants,train
China,35.677220_-91.409720,366,USA,power_plants,train
China,40.659720_-79.341110,367,USA,power_plants,train
China,36.685560_-108.481670,368,USA,power_plants,train
China,39.504720_-112.570280,370,USA,power_plants,train
China,36.391390_-87.654720,371,USA,power_plants,train
China,38.371940_-87.767220,373,USA,power_plants,train
China,38.754170_-85.021390,374,USA,power_plants,train
China,45.378700_-93.896600,375,USA,power_plants,train
China,33.369170_-80.114170,376,USA,power_plants,train
China,41.889170_-83.345560,377,USA,power_plants,train
China,38.204530_-89.855980,378,USA,power_plants,train
China,29.916670_-96.751670,380,USA,power_plants,train
China,36.281390_-80.060280,381,USA,power_plants,train
China,38.562220_-90.837780,382,USA,power_plants,train
China,28.604040_77.325318,402,India,stp_plants,train
China,12.939611_77.659264,403,India,stp_plants,train
China,13.147300_80.260400,405,India,stp_plants,train
China,19.148614_72.813993,406,India,stp_plants,train
China,13.036100_80.193700,407,India,stp_plants,train
China,12.919011_77.494254,408,India,stp_plants,train
China,19.078768_72.933040,410,India,stp_plants,train
China,28.547100_77.283500,411,India,stp_plants,train
China,28.727625_77.186294,412,India,stp_plants,train
China,17.381194_78.533621,413,India,stp_plants,train
China,28.698324_77.287145,415,India,stp_plants,train
China,28.671236_77.049608,416,India,stp_plants,train
China,40.641717_-74.033621,418,USA,stp_plants,train
China,37.431962_-121.948099,419,USA,stp_plants,train
China,33.690617_-117.940611,420,USA,stp_plants,train
China,42.350000_-70.958969,421,USA,stp_plants,train
China,32.678772_-117.246443,422,USA,stp_plants,train
China,39.811005_-104.955339,423,USA,stp_plants,train
China,40.662531_-73.809214,424,USA,stp_plants,train
China,39.987798_-75.082216,425,USA,stp_plants,train
China,41.815981_-87.765514,426,USA,stp_plants,train
China,39.112739_-84.546626,428,USA,stp_plants,train
China,40.825404_-73.956634,429,USA,stp_plants,train
China,41.426748_-81.650773,431,USA,stp_plants,train
China,39.886823_-75.222583,432,USA,stp_plants,train
China,40.651452_-73.878863,433,USA,stp_plants,train
China,38.451313_-121.469330,435,USA,stp_plants,train
China,33.802890_-118.281945,436,USA,stp_plants,train
China,33.925161_-118.430240,437,USA,stp_plants,train
China,40.794822_-73.839051,438,USA,stp_plants,train
China,38.815179_-77.023237,439,USA,stp_plants,train
China,33.639607_-117.958075,440,USA,stp_plants,train
China,21.190313_81.199220,533,India,iron_still_plant,train
China,21.232929_79.632398,534,India,iron_still_plant,train
China,21.983709_83.238133,537,India,iron_still_plant,train
China,14.873471_78.048425,538,India,iron_still_plant,train
China,23.693749_87.122711,539,India,iron_still_plant,train
China,21.679216_84.041449,540,India,iron_still_plant,train
China,20.796227_85.256654,541,India,iron_still_plant,train
China,21.486190_81.771697,542,India,iron_still_plant,train
China,22.874863_86.063646,543,India,iron_still_plant,train
China,23.633840_86.302152,544,India,iron_still_plant,train
China,26.757009_83.199086,545,India,iron_still_plant,train
China,13.717188_79.630588,546,India,iron_still_plant,train
China,23.613861_86.789527,548,India,iron_still_plant,train
China,23.487439_87.369494,549,India,iron_still_plant,train
China,21.928511_85.223988,550,India,iron_still_plant,train
China,15.334025_76.287252,551,India,iron_still_plant,train
China,18.530853_72.947091,553,India,iron_still_plant,train
China,21.354495_81.676444,554,India,iron_still_plant,train
China,22.364258_87.309047,555,India,iron_still_plant,train
China,24.145239_86.334999,556,India,iron_still_plant,train
China,22.378355_87.281773,557,India,iron_still_plant,train
China,29.127253_75.773075,560,India,iron_still_plant,train
China,22.588359_85.905724,561,India,iron_still_plant,train
China,19.093190_82.170000,562,India,iron_still_plant,train
China,29.760000_-93.920000,579,USA,lng_terminals,train
China,38.239300_-95.689800,584,USA,nuclear_plants,train
China,41.390100_-88.270100,585,USA,nuclear_plants,train
China,43.277700_-77.309900,587,USA,nuclear_plants,train
China,38.758900_-91.778800,588,USA,nuclear_plants,train
China,35.311000_-93.235100,589,USA,nuclear_plants,train
China,31.223100_-85.111600,590,USA,nuclear_plants,train
China,41.800600_-81.143900,591,USA,nuclear_plants,train
China,38.060100_-77.789700,592,USA,nuclear_plants,train
China,39.462500_-75.535800,594,USA,nuclear_plants,train
China,33.959700_-78.011400,595,USA,nuclear_plants,train
China,31.934200_-82.344700,597,USA,nuclear_plants,train
China,35.633400_-78.955600,598,USA,nuclear_plants,train
China,40.621900_-80.433600,599,USA,nuclear_plants,train
China,41.726100_-90.310300,601,USA,nuclear_plants,train
China,37.165600_-76.698300,602,USA,nuclear_plants,train
China,45.333800_-93.849300,603,USA,nuclear_plants,train
China,41.310700_-72.167700,604,USA,nuclear_plants,train
China,42.899200_-70.848900,606,USA,nuclear_plants,train
China,41.596700_-83.086100,607,USA,nuclear_plants,train
China,34.298300_-81.315300,608,USA,nuclear_plants,train
China,42.074200_-89.281900,609,USA,nuclear_plants,train
China,34.401700_-80.158900,611,USA,nuclear_plants,train
China,43.848521_-104.213903,655,USA,oil_refineries,train
China,29.684405_-89.979839,656,USA,oil_refineries,train
China,36.116749_-95.999949,657,USA,oil_refineries,train
China,47.255786_-122.397126,658,USA,oil_refineries,train
China,41.655625_-88.046550,659,USA,oil_refineries,train
China,41.127132_-104.789750,660,USA,oil_refineries,train
China,31.767512_-106.395613,661,USA,oil_refineries,train
China,46.849832_-100.883767,662,USA,oil_refineries,train
China,40.715965_-84.124640,663,USA,oil_refineries,train
China,37.797473_-96.872662,664,USA,oil_refineries,train
China,33.853208_-118.332317,666,USA,oil_refineries,train
China,32.844821_-104.390979,668,USA,oil_refineries,train
China,32.798531_-93.411128,669,USA,oil_refineries,train
China,28.459210_-98.188265,670,USA,oil_refineries,train
China,38.072007_-122.138319,671,USA,oil_refineries,train
China,44.851007_-92.994345,672,USA,oil_refineries,train
China,46.690572_-92.067312,673,USA,oil_refineries,train
China,40.610826_-80.629399,674,USA,oil_refineries,train
China,18.416245_-66.133120,675,USA,oil_refineries,train
China,32.360432_-95.281964,676,USA,oil_refineries,train
China,39.587733_-75.631323,678,USA,oil_refineries,train
China,30.132389_-93.320068,679,USA,oil_refineries,train
China,40.792315_-111.905455,681,USA,oil_refineries,train
China,34.204400_-97.101794,682,USA,oil_refineries,train
China,46.855395_-102.911365,684,USA,oil_refineries,train
China,30.526508_-91.748001,685,USA,oil_refineries,train
China,36.139133_-96.022697,686,USA,oil_refineries,train
China,48.830501_-122.696618,687,USA,oil_refineries,train
China,41.628890_-83.504920,688,USA,oil_refineries,train
China,35.955630_-101.880991,689,USA,oil_refineries,train
China,32.270992_-101.415073,690,USA,oil_refineries,train
China,29.823380_-95.113566,692,USA,oil_refineries,train
China,21.815743_84.042036,694,India,power_plants,train
China,22.815800_69.528100,695,India,power_plants,train
China,25.236903_87.265595,696,India,power_plants,train
China,23.977523_82.626473,697,India,power_plants,train
China,24.098300_82.671900,698,India,power_plants,train
China,24.027000_82.791500,699,India,power_plants,train
China,25.417725_81.856154,728,India,stp_plants,train
China,22.626002_88.464977,729,India,stp_plants,train
China,23.096290_72.651441,730,India,stp_plants,train
China,17.416192_78.464354,731,India,stp_plants,train
China,26.951629_75.890150,733,India,stp_plants,train
China,22.981652_72.527719,734,India,stp_plants,train
China,39.347560_-84.590270,735,USA,stp_plants,train
China,26.304794_-98.219196,736,USA,stp_plants,train
China,29.933014_-95.282457,737,USA,stp_plants,train
China,33.678256_-84.634493,739,USA,stp_plants,train
China,34.908944_-88.513806,740,USA,stp_plants,train
China,31.884448_-81.607261,741,USA,stp_plants,train
China,29.546333_-95.312972,742,USA,stp_plants,train
China,39.007030_-84.841210,743,USA,stp_plants,train
China,26.261586_-80.152722,744,USA,stp_plants,train
China,46.313889_-120.017502,746,USA,stp_plants,train
China,40.674306_-73.342389,747,USA,stp_plants,train
China,37.825537_-122.295165,748,USA,stp_plants,train
China,39.770694_-86.232306,749,USA,stp_plants,train
China,29.630278_-90.733611,751,USA,stp_plants,train
China,43.023000_-87.898000,752,USA,stp_plants,train
China,39.911623_-83.017403,754,USA,stp_plants,train
China,42.677222_-73.730722,755,USA,stp_plants,train
China,30.603333_-87.267500,756,USA,stp_plants,train
China,39.842250_-86.408250,757,USA,stp_plants,train
China,37.651865_-77.313301,759,USA,stp_plants,train
China,27.449611_-99.493694,760,USA,stp_plants,train
China,30.035341_-94.133575,761,USA,stp_plants,train
China,34.102722_-84.447972,762,USA,stp_plants,train
China,40.039444_-86.025000,763,USA,stp_plants,train
China,39.371950_-84.568850,765,USA,stp_plants,train
China,40.112694_-85.717389,766,USA,stp_plants,train
China,34.551760_-92.593494,767,USA,stp_plants,train
China,37.966333_-87.617667,768,USA,stp_plants,train
China,28.752361_-97.006583,770,USA,stp_plants,train
China,38.286694_-85.743750,771,USA,stp_plants,train
China,25.897222_-97.468778,772,USA,stp_plants,train
China,39.627306_-85.141694,774,USA,stp_plants,train
China,33.228888_-96.559722,775,USA,stp_plants,train
China,29.968166_-97.833019,776,USA,stp_plants,train
China,43.054472_-76.008250,777,USA,stp_plants,train
China,37.941972_-87.349056,779,USA,stp_plants,train
China,40.337513_-76.462151,780,USA,stp_plants,train
China,40.652306_-73.506472,781,USA,stp_plants,train
China,40.620028_-75.336528,783,USA,stp_plants,train
China,34.227167_-88.699778,784,USA,stp_plants,train
China,32.996537_-97.032517,785,USA,stp_plants,train
China,41.556810_-83.650150,786,USA,stp_plants,train
China,29.629134_-95.409126,787,USA,stp_plants,train
China,35.306944_-81.134444,788,USA,stp_plants,train
China,38.578844_-77.109476,789,USA,stp_plants,train
China,32.971944_-96.547222,790,USA,stp_plants,train
China,29.844961_-95.463295,791,USA,stp_plants,train
China,38.956444_-85.930833,793,USA,stp_plants,train
China,18.129407_-65.790717,795,USA,stp_plants,train
China,41.079611_-85.104389,796,USA,stp_plants,train
China,29.898700_-90.168044,798,USA,stp_plants,train
China,29.365531_-95.234120,799,USA,stp_plants,train
China,22.214460_84.872620,13,India,iron_still_plant,validation
China,20.875370_84.987240,16,India,iron_still_plant,validation
China,15.160040_76.711930,23,India,iron_still_plant,validation
China,13.831170_75.706010,25,India,iron_still_plant,validation
China,31.148446_-87.990521,31,USA,iron_still_plant,validation
China,38.225770_-104.607895,36,USA,iron_still_plant,validation
China,33.004319_-79.880955,43,USA,iron_still_plant,validation
China,41.631221_-87.143846,47,USA,iron_still_plant,validation
China,41.370640_-84.917454,52,USA,iron_still_plant,validation
China,39.976379_-86.830727,55,USA,iron_still_plant,validation
China,21.674600_72.536000,72,India,lng_terminals,validation
China,17.540000_73.160000,77,India,lng_terminals,validation
China,60.679400_-151.388300,80,USA,lng_terminals,validation
China,30.043200_-93.336600,89,USA,lng_terminals,validation
China,14.865000_74.438500,104,India,nuclear_plants,validation
China,24.874700_75.618900,107,India,nuclear_plants,validation
China,41.243900_-88.671100,114,USA,nuclear_plants,validation
China,41.092400_-76.148000,120,USA,nuclear_plants,validation
China,41.243400_-88.229700,124,USA,nuclear_plants,validation
China,28.795400_-96.047900,131,USA,nuclear_plants,validation
China,17.705770_83.239820,157,India,oil_refineries,validation
China,25.431360_86.060110,162,India,oil_refineries,validation
China,10.826700_79.809990,163,India,oil_refineries,validation
China,13.174110_80.274940,173,India,oil_refineries,validation
China,24.251710_78.161840,178,India,oil_refineries,validation
China,27.832011_-97.525582,184,USA,oil_refineries,validation
China,30.484917_-91.173920,189,USA,oil_refineries,validation
China,40.636500_-74.219900,197,USA,oil_refineries,validation
China,30.242155_-93.274386,199,USA,oil_refineries,validation
China,44.764434_-93.039484,205,USA,oil_refineries,validation
China,21.080546_77.899761,247,India,power_plants,validation
China,20.714478_76.795544,251,India,power_plants,validation
China,18.773083_82.912495,254,India,power_plants,validation
China,16.715256_79.692881,256,India,power_plants,validation
China,15.190658_76.719246,265,India,power_plants,validation
China,20.311250_86.645222,272,India,power_plants,validation
China,21.179777_79.396120,277,India,power_plants,validation
China,21.046589_75.851124,281,India,power_plants,validation
China,19.710810_83.401442,286,India,power_plants,validation
China,18.771269_73.258387,292,India,power_plants,validation
China,21.886879_83.122488,297,India,power_plants,validation
China,21.743655_83.275316,304,India,power_plants,validation
China,28.597428_77.609208,307,India,power_plants,validation
China,21.757607_83.458242,314,India,power_plants,validation
China,11.770345_77.814183,316,India,power_plants,validation
China,22.011342_83.205460,321,India,power_plants,validation
China,20.870912_85.268004,327,India,power_plants,validation
China,20.892166_84.992334,330,India,power_plants,validation
China,22.132540_82.293647,337,India,power_plants,validation
China,39.452500_-94.976390,341,USA,power_plants,validation
China,39.200830_-79.262780,346,USA,power_plants,validation
China,33.631940_-87.060560,352,USA,power_plants,validation
China,38.050000_-85.910000,355,USA,power_plants,validation
China,34.123060_-84.920280,359,USA,power_plants,validation
China,36.478830_-79.070890,363,USA,power_plants,validation
China,35.597500_-80.964720,369,USA,power_plants,validation
China,38.527500_-87.253890,372,USA,power_plants,validation
China,42.107220_-104.887220,379,USA,power_plants,validation
China,12.957010_80.234184,404,India,stp_plants,validation
China,13.064492_80.199873,409,India,stp_plants,validation
China,28.725085_77.106106,414,India,stp_plants,validation
China,40.590188_-73.933138,417,USA,stp_plants,validation
China,40.733880_-73.946585,427,USA,stp_plants,validation
China,40.803664_-73.882763,430,USA,stp_plants,validation
China,42.286374_-83.126468,434,USA,stp_plants,validation
China,40.788062_-73.921951,441,USA,stp_plants,validation
China,14.152912_76.665824,535,India,iron_still_plant,validation
China,21.839759_83.982227,536,India,iron_still_plant,validation
China,11.814754_77.918049,547,India,iron_still_plant,validation
China,15.339055_76.251696,552,India,iron_still_plant,validation
China,23.112781_70.086688,558,India,iron_still_plant,validation
China,23.507539_87.277914,559,India,iron_still_plant,validation
China,32.298300_-97.785000,586,USA,nuclear_plants,validation
China,27.348600_-80.246400,593,USA,nuclear_plants,validation
China,40.171900_-88.833900,596,USA,nuclear_plants,validation
China,41.962780_-83.257500,600,USA,nuclear_plants,validation
China,25.434480_-80.332400,605,USA,nuclear_plants,validation
China,40.362800_-95.640800,610,USA,nuclear_plants,validation
China,41.780163_-107.109511,654,USA,oil_refineries,validation
China,21.309493_-158.110927,665,USA,oil_refineries,validation
China,37.906028_-87.928877,667,USA,oil_refineries,validation
China,38.043474_-122.255632,677,USA,oil_refineries,validation
China,35.488468_-108.427359,680,USA,oil_refineries,validation
China,29.998606_-93.984414,683,USA,oil_refineries,validation
China,27.816758_-97.484505,691,USA,oil_refineries,validation
China,47.523212_-111.295316,693,USA,oil_refineries,validation
China,14.327604_80.122105,700,India,power_plants,validation
China,22.972972_72.548870,732,India,stp_plants,validation
China,42.527857_-70.876174,738,USA,stp_plants,validation
China,29.417167_-94.896306,745,USA,stp_plants,validation
China,29.598580_-95.207732,750,USA,stp_plants,validation
China,26.293306_-98.137750,753,USA,stp_plants,validation
China,38.688645_-76.996768,758,USA,stp_plants,validation
China,29.962417_-95.357139,764,USA,stp_plants,validation
China,42.921000_-74.166500,769,USA,stp_plants,validation
China,42.084722_-76.091111,773,USA,stp_plants,validation
China,25.954014_-97.453935,778,USA,stp_plants,validation
China,39.725410_-84.230070,782,USA,stp_plants,validation
China,29.669688_-95.543019,792,USA,stp_plants,validation
China,35.625085_-106.089213,794,USA,stp_plants,validation
China,43.989639_-75.928639,797,USA,stp_plants,validation
China,41.156000_122.993970,0,China,iron_still_plant,test
China,40.647610_109.743140,1,China,iron_still_plant,test
China,35.385000_119.545000,2,China,iron_still_plant,test
China,26.581000_101.656000,3,China,iron_still_plant,test
China,36.583000_114.418000,4,China,iron_still_plant,test
China,27.787570_114.914320,5,China,iron_still_plant,test
China,32.187010_118.743240,6,China,iron_still_plant,test
China,37.923380_112.538490,7,China,iron_still_plant,test
China,41.278220_123.710910,8,China,iron_still_plant,test
China,31.709660_118.485130,9,China,iron_still_plant,test
China,31.410000_121.465000,10,China,iron_still_plant,test
China,30.625520_114.444450,11,China,iron_still_plant,test
China,31.905000_120.545000,12,China,iron_still_plant,test
China,22.585000_114.440000,59,China,lng_terminals,test
China,38.933100_118.532900,60,China,lng_terminals,test
China,22.593800_114.444500,61,China,lng_terminals,test
China,38.960400_121.884100,62,China,lng_terminals,test
China,38.931100_117.874100,63,China,lng_terminals,test
China,21.448600_109.532100,64,China,lng_terminals,test
China,30.604400_122.102400,65,China,lng_terminals,test
China,19.777700_109.160500,66,China,lng_terminals,test
China,22.576600_114.436400,67,China,lng_terminals,test
China,35.586200_119.759700,68,China,lng_terminals,test
China,25.213500_118.998300,69,China,lng_terminals,test
China,24.303060_118.126390,70,China,lng_terminals,test
China,22.597700_114.543300,91,China,nuclear_plants,test
China,36.708300_121.383300,92,China,nuclear_plants,test
China,30.441300_120.941800,93,China,nuclear_plants,test
China,21.708300_112.261100,94,China,nuclear_plants,test
China,21.670800_108.558300,95,China,nuclear_plants,test
China,27.044000_120.284000,96,China,nuclear_plants,test
China,22.600000_114.550000,97,China,nuclear_plants,test
China,39.797000_121.476500,98,China,nuclear_plants,test
China,25.440600_119.441600,99,China,nuclear_plants,test
China,30.435800_120.959300,100,China,nuclear_plants,test
China,34.686400_119.458600,101,China,nuclear_plants,test
China,23.132000_113.476000,133,China,oil_refineries,test
China,46.527200_125.088530,134,China,oil_refineries,test
China,36.054410_120.187660,135,China,oil_refineries,test
China,31.343170_121.553670,136,China,oil_refineries,test
China,19.763810_109.180730,137,China,oil_refineries,test
China,39.736060_115.965280,138,China,oil_refineries,test
China,41.830770_124.050210,139,China,oil_refineries,test
China,21.045020_110.450660,140,China,oil_refineries,test
China,36.758560_118.252150,141,China,oil_refineries,test
China,29.540130_113.372980,142,China,oil_refineries,test
China,38.827300_117.408890,143,China,oil_refineries,test
China,34.913890_112.598910,144,China,oil_refineries,test
China,30.706940_121.300040,145,China,oil_refineries,test
China,39.570000_121.265000,146,China,oil_refineries,test
China,43.904310_126.593170,147,China,oil_refineries,test
China,38.979110_121.646290,148,China,oil_refineries,test
China,25.056760_118.895080,149,China,oil_refineries,test
China,32.160310_118.919430,150,China,oil_refineries,test
China,41.211600_123.232200,151,China,oil_refineries,test
China,29.980980_121.671700,152,China,oil_refineries,test
China,30.650730_114.434980,153,China,oil_refineries,test
China,36.110990_103.641810,154,China,oil_refineries,test
China,21.681740_110.880450,155,China,oil_refineries,test
China,31.755500_120.969900,210,China,power_plants,test
China,40.367000_109.996000,211,China,power_plants,test
China,39.219300_117.929900,212,China,power_plants,test
China,23.005560_116.546670,213,China,power_plants,test
China,21.866670_112.922780,214,China,power_plants,test
China,21.700500_108.624300,215,China,power_plants,test
China,34.377900_117.175900,216,China,power_plants,test
China,29.940560_121.813330,217,China,power_plants,test
China,35.326670_116.933890,218,China,power_plants,test
China,32.684170_116.901390,219,China,power_plants,test
China,44.268900_87.687900,220,China,power_plants,test
China,42.223700_116.029300,221,China,power_plants,test
China,31.656800_121.179800,222,China,power_plants,test
China,37.447700_122.205100,223,China,power_plants,test
China,32.195800_119.249700,224,China,power_plants,test
China,35.167600_112.716500,225,China,power_plants,test
China,24.727300_118.749700,226,China,power_plants,test
China,37.432200_120.018100,227,China,power_plants,test
China,30.760700_121.400800,228,China,power_plants,test
China,38.057500_106.691400,229,China,power_plants,test
China,40.080000_120.007500,230,China,power_plants,test
China,30.629720_121.146110,231,China,power_plants,test
China,40.028890_113.293610,232,China,power_plants,test
China,29.347200_106.434200,233,China,power_plants,test
China,31.355830_121.597220,234,China,power_plants,test
China,30.551800_114.642000,235,China,power_plants,test
China,31.915900_117.248000,236,China,power_plants,test
China,22.747220_113.677500,237,China,power_plants,test
China,37.892300_112.091400,238,China,power_plants,test
China,23.566110_117.096940,239,China,power_plants,test
China,32.181670_119.576390,240,China,power_plants,test
China,35.469720_112.578060,241,China,power_plants,test
China,40.196940_111.364440,242,China,power_plants,test
China,29.487780_121.509440,243,China,power_plants,test
China,28.115830_121.137780,244,China,power_plants,test
China,30.656600_113.917300,245,China,power_plants,test
China,38.148300_106.345800,246,China,power_plants,test
China,28.132629_112.958321,383,China,stp_plants,test
China,30.509837_104.116401,384,China,stp_plants,test
China,39.825986_116.434918,385,China,stp_plants,test
China,31.252429_121.742610,386,China,stp_plants,test
China,39.961221_116.508744,387,China,stp_plants,test
China,24.979520_102.715382,388,China,stp_plants,test
China,32.000547_118.849118,389,China,stp_plants,test
China,30.671179_114.286834,390,China,stp_plants,test
China,28.278597_112.944702,391,China,stp_plants,test
China,31.500192_120.366377,392,China,stp_plants,test
China,30.294896_120.309488,393,China,stp_plants,test
China,34.366993_108.910052,394,China,stp_plants,test
China,31.348298_121.611660,395,China,stp_plants,test
China,37.958995_114.529093,396,China,stp_plants,test
China,39.895771_116.525970,397,China,stp_plants,test
China,30.447735_114.413491,398,China,stp_plants,test
China,23.124946_113.214134,399,China,stp_plants,test
China,23.096080_113.462711,400,China,stp_plants,test
China,30.592278_104.003342,401,China,stp_plants,test
China,31.980237_120.571455,442,China,iron_still_plant,test
China,39.257823_119.033567,443,China,iron_still_plant,test
China,24.385304_109.379630,444,China,iron_still_plant,test
China,40.044026_118.552001,445,China,iron_still_plant,test
China,35.665945_111.025976,446,China,iron_still_plant,test
China,27.645550_113.902126,447,China,iron_still_plant,test
China,36.664097_114.115263,448,China,iron_still_plant,test
China,24.673567_110.789590,449,China,iron_still_plant,test
China,41.173613_122.945501,450,China,iron_still_plant,test
China,26.261109_117.614709,451,China,iron_still_plant,test
China,36.229201_116.533981,452,China,iron_still_plant,test
China,31.435149_107.685981,453,China,iron_still_plant,test
China,29.916729_113.822921,454,China,iron_still_plant,test
China,36.621504_114.128189,455,China,iron_still_plant,test
China,43.200230_124.335697,456,China,iron_still_plant,test
China,40.689778_110.214707,457,China,iron_still_plant,test
China,35.701895_110.786826,458,China,iron_still_plant,test
China,35.934831_111.497070,459,China,iron_still_plant,test
China,41.838774_123.806586,460,China,iron_still_plant,test
China,38.970638_117.495794,461,China,iron_still_plant,test
China,32.138393_119.554693,462,China,iron_still_plant,test
China,36.308447_117.540425,463,China,iron_still_plant,test
China,36.033646_104.035535,464,China,iron_still_plant,test
China,37.075017_111.985148,465,China,iron_still_plant,test
China,27.615147_106.949926,466,China,iron_still_plant,test
China,28.787202_120.248592,467,China,iron_still_plant,test
China,46.602297_131.071877,468,China,iron_still_plant,test
China,31.602554_119.724256,469,China,iron_still_plant,test
China,44.011951_126.537086,470,China,iron_still_plant,test
China,32.127263_112.715688,471,China,iron_still_plant,test
China,31.723833_120.835685,472,China,iron_still_plant,test
China,36.131666_113.872158,473,China,iron_still_plant,test
China,35.727776_111.330122,474,China,iron_still_plant,test
China,30.204603_115.125838,475,China,iron_still_plant,test
China,23.088182_109.634638,476,China,iron_still_plant,test
China,23.524465_111.240200,477,China,iron_still_plant,test
China,46.055685_122.063282,478,China,iron_still_plant,test
China,34.263509_113.853979,479,China,iron_still_plant,test
China,39.925508_118.672757,480,China,iron_still_plant,test
China,25.142516_102.077727,481,China,iron_still_plant,test
China,35.879956_114.334825,482,China,iron_still_plant,test
China,31.246635_119.120443,483,China,iron_still_plant,test
China,37.752351_115.184798,484,China,iron_still_plant,test
China,35.586841_111.258436,485,China,iron_still_plant,test
China,35.662985_112.882395,486,China,iron_still_plant,test
China,41.191380_122.877311,487,China,iron_still_plant,test
China,39.610605_118.474722,488,China,iron_still_plant,test
China,39.938866_118.576678,489,China,iron_still_plant,test
China,23.397750_114.898646,490,China,iron_still_plant,test
China,36.668560_101.671414,491,China,iron_still_plant,test
China,39.748373_118.624794,492,China,iron_still_plant,test
China,45.562002_126.968128,493,China,iron_still_plant,test
China,29.397980_103.542532,494,China,iron_still_plant,test
China,26.768925_119.765203,495,China,iron_still_plant,test
China,33.211332_120.774892,496,China,iron_still_plant,test
China,41.841223_123.753895,497,China,iron_still_plant,test
China,32.027791_119.577060,498,China,iron_still_plant,test
China,25.244396_118.029905,499,China,iron_still_plant,test
China,34.500122_116.908897,500,China,iron_still_plant,test
China,26.595229_104.877413,501,China,iron_still_plant,test
China,35.618466_110.575788,502,China,iron_still_plant,test
China,39.222566_118.094201,503,China,iron_still_plant,test
China,27.224477_120.328828,504,China,iron_still_plant,test
China,35.605506_110.652056,505,China,iron_still_plant,test
China,32.329171_115.954963,506,China,iron_still_plant,test
China,36.733675_113.925995,507,China,iron_still_plant,test
China,35.694321_111.429381,508,China,iron_still_plant,test
China,32.838703_119.425236,509,China,iron_still_plant,test
China,39.852710_118.181279,510,China,iron_still_plant,test
China,29.778431_116.275270,511,China,iron_still_plant,test
China,38.075008_114.033043,512,China,iron_still_plant,test
China,35.196903_119.382735,513,China,iron_still_plant,test
China,38.391372_114.139998,514,China,iron_still_plant,test
China,36.221410_117.627728,515,China,iron_still_plant,test
China,31.062807_117.956015,516,China,iron_still_plant,test
China,40.515035_117.596071,517,China,iron_still_plant,test
China,24.953261_102.378082,518,China,iron_still_plant,test
China,37.370796_111.161118,519,China,iron_still_plant,test
China,28.090098_119.519509,520,China,iron_still_plant,test
China,36.106143_117.820108,521,China,iron_still_plant,test
China,39.976702_118.558788,522,China,iron_still_plant,test
China,27.818712_112.897751,523,China,iron_still_plant,test
China,37.086116_114.384832,524,China,iron_still_plant,test
China,27.748222_111.970149,525,China,iron_still_plant,test
China,39.160401_118.429806,526,China,iron_still_plant,test
China,42.278115_119.015289,527,China,iron_still_plant,test
China,31.502272_118.465162,528,China,iron_still_plant,test
China,21.960920_113.198718,529,China,iron_still_plant,test
China,40.183913_118.073913,530,China,iron_still_plant,test
China,33.364534_115.099661,531,China,iron_still_plant,test
China,36.685881_113.837073,532,China,iron_still_plant,test
China,27.903136_121.127993,563,China,lng_terminals,test
China,34.286581_120.270733,564,China,lng_terminals,test
China,21.588573_108.354728,565,China,lng_terminals,test
China,32.529623_121.426788,566,China,lng_terminals,test
China,32.041846_121.746907,567,China,lng_terminals,test
China,22.618619_114.384841,568,China,lng_terminals,test
China,30.681206_121.246827,569,China,lng_terminals,test
China,22.839693_113.560184,570,China,lng_terminals,test
China,23.583697_117.128510,571,China,lng_terminals,test
China,22.953596_113.556552,572,China,lng_terminals,test
China,21.898671_113.234963,573,China,lng_terminals,test
China,30.100617_122.282508,574,China,lng_terminals,test
China,29.918509_121.897766,575,China,lng_terminals,test
China,22.934479_116.371427,576,China,lng_terminals,test
China,19.977562_110.057687,577,China,lng_terminals,test
China,31.293674_121.707193,578,China,lng_terminals,test
China,29.102706_121.638230,580,China,nuclear_plants,test
China,21.918300_112.981800,581,China,nuclear_plants,test
China,19.460188_108.899942,582,China,nuclear_plants,test
China,36.979200_122.531700,583,China,nuclear_plants,test
China,36.125930_103.608180,612,China,oil_refineries,test
China,38.337538_116.873481,613,China,oil_refineries,test
China,34.362449_108.760541,614,China,oil_refineries,test
China,23.805910_120.208420,615,China,oil_refineries,test
China,40.834000_121.045040,616,China,oil_refineries,test
China,21.824150_110.844830,617,China,oil_refineries,test
China,46.561570_124.827190,618,China,oil_refineries,test
China,32.261957_118.788113,619,China,oil_refineries,test
China,22.938934_116.222475,620,China,oil_refineries,test
China,25.034075_121.308367,621,China,oil_refineries,test
China,43.965291_87.713888,622,China,oil_refineries,test
China,45.757070_126.737895,623,China,oil_refineries,test
China,41.195405_121.991005,624,China,oil_refineries,test
China,43.967650_126.482320,625,China,oil_refineries,test
China,41.051630_120.982510,626,China,oil_refineries,test
China,29.740461_116.066279,627,China,oil_refineries,test
China,37.579540_108.831713,628,China,oil_refineries,test
China,40.735965_111.752458,629,China,oil_refineries,test
China,22.710150_120.315943,630,China,oil_refineries,test
China,40.735074_120.827047,631,China,oil_refineries,test
China,35.654366_109.340936,632,China,oil_refineries,test
China,41.155939_122.094434,633,China,oil_refineries,test
China,30.530037_117.025036,634,China,oil_refineries,test
China,25.184660_118.942742,635,China,oil_refineries,test
China,22.527084_120.358668,636,China,oil_refineries,test
China,24.911964_102.374498,637,China,oil_refineries,test
China,36.778451_118.170405,638,China,oil_refineries,test
China,41.139594_121.092785,639,China,oil_refineries,test
China,21.766826_108.598460,640,China,oil_refineries,test
China,37.004545_109.840141,641,China,oil_refineries,test
China,36.213548_120.361734,642,China,oil_refineries,test
China,38.985009_121.842595,643,China,oil_refineries,test
China,38.479469_106.061250,644,China,oil_refineries,test
China,37.979143_114.671423,645,China,oil_refineries,test
China,36.765513_118.057066,646,China,oil_refineries,test
China,43.867602_87.374837,647,China,oil_refineries,test
China,38.735228_116.130212,648,China,oil_refineries,test
China,31.015475_112.217200,649,China,oil_refineries,test
China,45.083402_124.853629,650,China,oil_refineries,test
China,36.691717_117.159494,651,China,oil_refineries,test
China,22.754390_114.594621,652,China,oil_refineries,test
China,38.424683_106.116945,653,China,oil_refineries,test
China,31.581264_117.875804,701,China,stp_plants,test
China,31.528564_120.329457,702,China,stp_plants,test
China,35.021874_118.344514,703,China,stp_plants,test
China,36.204131_113.067488,704,China,stp_plants,test
China,29.976792_106.366039,705,China,stp_plants,test
China,31.848273_120.143232,706,China,stp_plants,test
China,30.336128_112.143048,707,China,stp_plants,test
China,30.863736_119.964085,708,China,stp_plants,test
China,22.510668_114.119448,709,China,stp_plants,test
China,39.241556_118.173555,710,China,stp_plants,test
China,32.825430_115.930455,711,China,stp_plants,test
China,23.083456_112.519960,712,China,stp_plants,test
China,31.756628_119.855982,713,China,stp_plants,test
China,31.613639_120.843655,714,China,stp_plants,test
China,40.171072_117.928697,715,China,stp_plants,test
China,24.279860_109.450309,716,China,stp_plants,test
China,28.729298_115.873253,717,China,stp_plants,test
China,22.678724_114.040010,718,China,stp_plants,test
China,40.709400_114.886361,719,China,stp_plants,test
China,26.053304_119.364520,720,China,stp_plants,test
China,30.750066_103.907743,721,China,stp_plants,test
China,23.053193_113.343570,722,China,stp_plants,test
China,22.457079_114.190673,723,China,stp_plants,test
China,40.706567_111.557125,724,China,stp_plants,test
China,35.701082_114.566981,725,China,stp_plants,test
China,31.661706_119.972628,726,China,stp_plants,test
China,24.736483_113.566461,727,China,stp_plants,test
India,41.156000_122.993970,0,China,iron_still_plant,train
India,35.385000_119.545000,2,China,iron_still_plant,train
India,26.581000_101.656000,3,China,iron_still_plant,train
India,36.583000_114.418000,4,China,iron_still_plant,train
India,32.187010_118.743240,6,China,iron_still_plant,train
India,37.923380_112.538490,7,China,iron_still_plant,train
India,41.278220_123.710910,8,China,iron_still_plant,train
India,31.709660_118.485130,9,China,iron_still_plant,train
India,30.625520_114.444450,11,China,iron_still_plant,train
India,31.905000_120.545000,12,China,iron_still_plant,train
India,31.148446_-87.990521,31,USA,iron_still_plant,train
India,35.941421_-89.713819,32,USA,iron_still_plant,train
India,41.121613_-85.348602,34,USA,iron_still_plant,train
India,36.353006_-76.811471,35,USA,iron_still_plant,train
India,38.225770_-104.607895,36,USA,iron_still_plant,train
India,41.620799_-87.348266,37,USA,iron_still_plant,train
India,41.785971_-89.710947,38,USA,iron_still_plant,train
India,35.901162_-89.776190,40,USA,iron_still_plant,train
India,30.941783_-88.012437,41,USA,iron_still_plant,train
India,39.488589_-84.386197,42,USA,iron_still_plant,train
India,33.004319_-79.880955,43,USA,iron_still_plant,train
India,34.639630_-87.085738,45,USA,iron_still_plant,train
India,40.314891_-80.605553,46,USA,iron_still_plant,train
India,41.631221_-87.143846,47,USA,iron_still_plant,train
India,41.464041_-81.676499,49,USA,iron_still_plant,train
India,32.457544_-97.034246,50,USA,iron_still_plant,train
India,35.644264_-89.941659,51,USA,iron_still_plant,train
India,41.370640_-84.917454,52,USA,iron_still_plant,train
India,41.669553_-87.438429,54,USA,iron_still_plant,train
India,39.976379_-86.830727,55,USA,iron_still_plant,train
India,41.482009_-90.820921,57,USA,iron_still_plant,train
India,38.725418_-85.076015,58,USA,iron_still_plant,train
India,22.585000_114.440000,59,China,lng_terminals,train
India,38.933100_118.532900,60,China,lng_terminals,train
India,22.593800_114.444500,61,China,lng_terminals,train
India,38.960400_121.884100,62,China,lng_terminals,train
India,38.931100_117.874100,63,China,lng_terminals,train
India,21.448600_109.532100,64,China,lng_terminals,train
India,30.604400_122.102400,65,China,lng_terminals,train
India,22.576600_114.436400,67,China,lng_terminals,train
India,35.586200_119.759700,68,China,lng_terminals,train
India,24.303060_118.126390,70,China,lng_terminals,train
India,27.811200_-97.398500,79,USA,lng_terminals,train
India,60.679400_-151.388300,80,USA,lng_terminals,train
India,42.392300_-71.058800,81,USA,lng_terminals,train
India,28.932000_-95.317300,82,USA,lng_terminals,train
India,32.091100_-81.000200,84,USA,lng_terminals,train
India,29.750900_-93.872400,85,USA,lng_terminals,train
India,30.112300_-93.287900,86,USA,lng_terminals,train
India,30.322300_-88.503600,88,USA,lng_terminals,train
India,30.043200_-93.336600,89,USA,lng_terminals,train
India,29.774200_-93.323900,90,USA,lng_terminals,train
India,22.597700_114.543300,91,China,nuclear_plants,train
India,36.708300_121.383300,92,China,nuclear_plants,train
India,21.708300_112.261100,94,China,nuclear_plants,train
India,21.670800_108.558300,95,China,nuclear_plants,train
India,22.600000_114.550000,97,China,nuclear_plants,train
India,39.797000_121.476500,98,China,nuclear_plants,train
India,25.440600_119.441600,99,China,nuclear_plants,train
India,34.686400_119.458600,101,China,nuclear_plants,train
India,40.226300_-75.587600,109,USA,nuclear_plants,train
India,46.471100_-119.333600,110,USA,nuclear_plants,train
India,29.995300_-90.472200,111,USA,nuclear_plants,train
India,44.621900_-92.633100,112,USA,nuclear_plants,train
India,35.433100_-80.948600,113,USA,nuclear_plants,train
India,39.758900_-76.268900,115,USA,nuclear_plants,train
India,40.154000_-76.724900,116,USA,nuclear_plants,train
India,35.226100_-85.087800,117,USA,nuclear_plants,train
India,44.281400_-87.537600,119,USA,nuclear_plants,train
India,41.092400_-76.148000,120,USA,nuclear_plants,train
India,32.006400_-91.047200,121,USA,nuclear_plants,train
India,35.211700_-120.855800,122,USA,nuclear_plants,train
India,41.243400_-88.229700,124,USA,nuclear_plants,train
India,34.793800_-82.897100,126,USA,nuclear_plants,train
India,35.051900_-81.070800,127,USA,nuclear_plants,train
India,43.520600_-76.407800,128,USA,nuclear_plants,train
India,30.757500_-91.331400,129,USA,nuclear_plants,train
India,38.431900_-76.441900,130,USA,nuclear_plants,train
India,28.795400_-96.047900,131,USA,nuclear_plants,train
India,35.603300_-84.786900,132,USA,nuclear_plants,train
India,23.132000_113.476000,133,China,oil_refineries,train
India,46.527200_125.088530,134,China,oil_refineries,train
India,31.343170_121.553670,136,China,oil_refineries,train
India,19.763810_109.180730,137,China,oil_refineries,train
India,41.830770_124.050210,139,China,oil_refineries,train
India,21.045020_110.450660,140,China,oil_refineries,train
India,36.758560_118.252150,141,China,oil_refineries,train
India,29.540130_113.372980,142,China,oil_refineries,train
India,38.827300_117.408890,143,China,oil_refineries,train
India,30.706940_121.300040,145,China,oil_refineries,train
India,39.570000_121.265000,146,China,oil_refineries,train
India,38.979110_121.646290,148,China,oil_refineries,train
India,25.056760_118.895080,149,China,oil_refineries,train
India,32.160310_118.919430,150,China,oil_refineries,train
India,41.211600_123.232200,151,China,oil_refineries,train
India,29.980980_121.671700,152,China,oil_refineries,train
India,30.650730_114.434980,153,China,oil_refineries,train
India,36.110990_103.641810,154,China,oil_refineries,train
India,29.985278_-90.392778,180,USA,oil_refineries,train
India,48.884000_-122.735000,182,USA,oil_refineries,train
India,29.070847_-95.750363,183,USA,oil_refineries,train
India,27.832011_-97.525582,184,USA,oil_refineries,train
India,41.421111_-88.191944,185,USA,oil_refineries,train
India,30.061320_-90.593530,186,USA,oil_refineries,train
India,38.840401_-90.070774,187,USA,oil_refineries,train
India,29.868333_-93.968333,190,USA,oil_refineries,train
India,38.377246_-82.597162,191,USA,oil_refineries,train
India,30.181490_-93.324051,192,USA,oil_refineries,train
India,36.682100_-97.089500,193,USA,oil_refineries,train
India,41.663055_-87.479643,194,USA,oil_refineries,train
India,29.374444_-94.925000,195,USA,oil_refineries,train
India,33.813230_-118.242980,196,USA,oil_refineries,train
India,40.636500_-74.219900,197,USA,oil_refineries,train
India,30.242155_-93.274386,199,USA,oil_refineries,train
India,29.369167_-94.911111,201,USA,oil_refineries,train
India,30.065833_-94.071388,202,USA,oil_refineries,train
India,30.001107_-90.402221,203,USA,oil_refineries,train
India,29.891073_-93.949641,204,USA,oil_refineries,train
India,44.764434_-93.039484,205,USA,oil_refineries,train
India,29.722222_-95.126944,206,USA,oil_refineries,train
India,37.938779_-122.396453,208,USA,oil_refineries,train
India,27.810775_-97.436658,209,USA,oil_refineries,train
India,31.755500_120.969900,210,China,power_plants,train
India,40.367000_109.996000,211,China,power_plants,train
India,39.219300_117.929900,212,China,power_plants,train
India,23.005560_116.546670,213,China,power_plants,train
India,21.866670_112.922780,214,China,power_plants,train
India,34.377900_117.175900,216,China,power_plants,train
India,29.940560_121.813330,217,China,power_plants,train
India,35.326670_116.933890,218,China,power_plants,train
India,44.268900_87.687900,220,China,power_plants,train
India,42.223700_116.029300,221,China,power_plants,train
India,31.656800_121.179800,222,China,power_plants,train
India,32.195800_119.249700,224,China,power_plants,train
India,35.167600_112.716500,225,China,power_plants,train
India,24.727300_118.749700,226,China,power_plants,train
India,30.760700_121.400800,228,China,power_plants,train
India,38.057500_106.691400,229,China,power_plants,train
India,40.080000_120.007500,230,China,power_plants,train
India,30.629720_121.146110,231,China,power_plants,train
India,40.028890_113.293610,232,China,power_plants,train
India,29.347200_106.434200,233,China,power_plants,train
India,31.355830_121.597220,234,China,power_plants,train
India,30.551800_114.642000,235,China,power_plants,train
India,31.915900_117.248000,236,China,power_plants,train
India,37.892300_112.091400,238,China,power_plants,train
India,23.566110_117.096940,239,China,power_plants,train
India,35.469720_112.578060,241,China,power_plants,train
India,40.196940_111.364440,242,China,power_plants,train
India,29.487780_121.509440,243,China,power_plants,train
India,28.115830_121.137780,244,China,power_plants,train
India,38.148300_106.345800,246,China,power_plants,train
India,39.452500_-94.976390,341,USA,power_plants,train
India,35.761610_-95.287460,343,USA,power_plants,train
India,31.423330_-96.251390,344,USA,power_plants,train
India,38.935830_-82.116670,345,USA,power_plants,train
India,39.200830_-79.262780,346,USA,power_plants,train
India,30.726670_-91.366940,347,USA,power_plants,train
India,39.383890_-80.331110,349,USA,power_plants,train
India,45.883610_-106.614170,350,USA,power_plants,train
India,33.242790_-86.461120,351,USA,power_plants,train
India,40.095560_-76.696940,353,USA,power_plants,train
India,31.006110_-88.011110,354,USA,power_plants,train
India,38.050000_-85.910000,355,USA,power_plants,train
India,40.384720_-79.063610,356,USA,power_plants,train
India,39.286110_-96.116940,358,USA,power_plants,train
India,34.123060_-84.920280,359,USA,power_plants,train
India,32.261670_-94.564720,360,USA,power_plants,train
India,36.314720_-86.400280,361,USA,power_plants,train
India,36.478830_-79.070890,363,USA,power_plants,train
India,27.795830_-82.403610,364,USA,power_plants,train
India,38.474720_-81.821110,365,USA,power_plants,train
India,35.677220_-91.409720,366,USA,power_plants,train
India,40.659720_-79.341110,367,USA,power_plants,train
India,36.685560_-108.481670,368,USA,power_plants,train
India,35.597500_-80.964720,369,USA,power_plants,train
India,36.391390_-87.654720,371,USA,power_plants,train
India,38.527500_-87.253890,372,USA,power_plants,train
India,38.754170_-85.021390,374,USA,power_plants,train
India,33.369170_-80.114170,376,USA,power_plants,train
India,41.889170_-83.345560,377,USA,power_plants,train
India,38.204530_-89.855980,378,USA,power_plants,train
India,42.107220_-104.887220,379,USA,power_plants,train
India,29.916670_-96.751670,380,USA,power_plants,train
India,36.281390_-80.060280,381,USA,power_plants,train
India,38.562220_-90.837780,382,USA,power_plants,train
India,28.132629_112.958321,383,China,stp_plants,train
India,39.825986_116.434918,385,China,stp_plants,train
India,31.252429_121.742610,386,China,stp_plants,train
India,24.979520_102.715382,388,China,stp_plants,train
India,30.671179_114.286834,390,China,stp_plants,train
India,28.278597_112.944702,391,China,stp_plants,train
India,31.500192_120.366377,392,China,stp_plants,train
India,30.294896_120.309488,393,China,stp_plants,train
India,34.366993_108.910052,394,China,stp_plants,train
India,31.348298_121.611660,395,China,stp_plants,train
India,37.958995_114.529093,396,China,stp_plants,train
India,39.895771_116.525970,397,China,stp_plants,train
India,30.447735_114.413491,398,China,stp_plants,train
India,23.124946_113.214134,399,China,stp_plants,train
India,23.096080_113.462711,400,China,stp_plants,train
India,40.590188_-73.933138,417,USA,stp_plants,train
India,40.641717_-74.033621,418,USA,stp_plants,train
India,33.690617_-117.940611,420,USA,stp_plants,train
India,42.350000_-70.958969,421,USA,stp_plants,train
India,32.678772_-117.246443,422,USA,stp_plants,train
India,39.811005_-104.955339,423,USA,stp_plants,train
India,40.662531_-73.809214,424,USA,stp_plants,train
India,39.987798_-75.082216,425,USA,stp_plants,train
India,41.815981_-87.765514,426,USA,stp_plants,train
India,40.733880_-73.946585,427,USA,stp_plants,train
India,40.825404_-73.956634,429,USA,stp_plants,train
India,41.426748_-81.650773,431,USA,stp_plants,train
India,39.886823_-75.222583,432,USA,stp_plants,train
India,40.651452_-73.878863,433,USA,stp_plants,train
India,38.451313_-121.469330,435,USA,stp_plants,train
India,33.802890_-118.281945,436,USA,stp_plants,train
India,33.925161_-118.430240,437,USA,stp_plants,train
India,40.794822_-73.839051,438,USA,stp_plants,train
India,33.639607_-117.958075,440,USA,stp_plants,train
India,31.980237_120.571455,442,China,iron_still_plant,train
India,39.257823_119.033567,443,China,iron_still_plant,train
India,24.385304_109.379630,444,China,iron_still_plant,train
India,40.044026_118.552001,445,China,iron_still_plant,train
India,35.665945_111.025976,446,China,iron_still_plant,train
India,27.645550_113.902126,447,China,iron_still_plant,train
India,36.664097_114.115263,448,China,iron_still_plant,train
India,24.673567_110.789590,449,China,iron_still_plant,train
India,41.173613_122.945501,450,China,iron_still_plant,train
India,26.261109_117.614709,451,China,iron_still_plant,train
India,31.435149_107.685981,453,China,iron_still_plant,train
India,29.916729_113.822921,454,China,iron_still_plant,train
India,43.200230_124.335697,456,China,iron_still_plant,train
India,40.689778_110.214707,457,China,iron_still_plant,train
India,35.701895_110.786826,458,China,iron_still_plant,train
India,41.838774_123.806586,460,China,iron_still_plant,train
India,38.970638_117.495794,461,China,iron_still_plant,train
India,32.138393_119.554693,462,China,iron_still_plant,train
India,36.308447_117.540425,463,China,iron_still_plant,train
India,36.033646_104.035535,464,China,iron_still_plant,train
India,27.615147_106.949926,466,China,iron_still_plant,train
India,46.602297_131.071877,468,China,iron_still_plant,train
India,31.602554_119.724256,469,China,iron_still_plant,train
India,44.011951_126.537086,470,China,iron_still_plant,train
India,32.127263_112.715688,471,China,iron_still_plant,train
India,31.723833_120.835685,472,China,iron_still_plant,train
India,36.131666_113.872158,473,China,iron_still_plant,train
India,30.204603_115.125838,475,China,iron_still_plant,train
India,23.088182_109.634638,476,China,iron_still_plant,train
India,23.524465_111.240200,477,China,iron_still_plant,train
India,46.055685_122.063282,478,China,iron_still_plant,train
India,39.925508_118.672757,480,China,iron_still_plant,train
India,25.142516_102.077727,481,China,iron_still_plant,train
India,35.879956_114.334825,482,China,iron_still_plant,train
India,31.246635_119.120443,483,China,iron_still_plant,train
India,37.752351_115.184798,484,China,iron_still_plant,train
India,35.586841_111.258436,485,China,iron_still_plant,train
India,41.191380_122.877311,487,China,iron_still_plant,train
India,39.610605_118.474722,488,China,iron_still_plant,train
India,39.938866_118.576678,489,China,iron_still_plant,train
India,36.668560_101.671414,491,China,iron_still_plant,train
India,39.748373_118.624794,492,China,iron_still_plant,train
India,45.562002_126.968128,493,China,iron_still_plant,train
India,26.768925_119.765203,495,China,iron_still_plant,train
India,41.841223_123.753895,497,China,iron_still_plant,train
India,32.027791_119.577060,498,China,iron_still_plant,train
India,25.244396_118.029905,499,China,iron_still_plant,train
India,34.500122_116.908897,500,China,iron_still_plant,train
India,26.595229_104.877413,501,China,iron_still_plant,train
India,39.222566_118.094201,503,China,iron_still_plant,train
India,27.224477_120.328828,504,China,iron_still_plant,train
India,35.605506_110.652056,505,China,iron_still_plant,train
India,32.329171_115.954963,506,China,iron_still_plant,train
India,36.733675_113.925995,507,China,iron_still_plant,train
India,35.694321_111.429381,508,China,iron_still_plant,train
India,32.838703_119.425236,509,China,iron_still_plant,train
India,29.778431_116.275270,511,China,iron_still_plant,train
India,35.196903_119.382735,513,China,iron_still_plant,train
India,38.391372_114.139998,514,China,iron_still_plant,train
India,36.221410_117.627728,515,China,iron_still_plant,train
India,31.062807_117.956015,516,China,iron_still_plant,train
India,40.515035_117.596071,517,China,iron_still_plant,train
India,24.953261_102.378082,518,China,iron_still_plant,train
India,37.370796_111.161118,519,China,iron_still_plant,train
India,28.090098_119.519509,520,China,iron_still_plant,train
India,36.106143_117.820108,521,China,iron_still_plant,train
India,37.086116_114.384832,524,China,iron_still_plant,train
India,27.748222_111.970149,525,China,iron_still_plant,train
India,39.160401_118.429806,526,China,iron_still_plant,train
India,42.278115_119.015289,527,China,iron_still_plant,train
India,31.502272_118.465162,528,China,iron_still_plant,train
India,21.960920_113.198718,529,China,iron_still_plant,train
India,40.183913_118.073913,530,China,iron_still_plant,train
India,36.685881_113.837073,532,China,iron_still_plant,train
India,34.286581_120.270733,564,China,lng_terminals,train
India,21.588573_108.354728,565,China,lng_terminals,train
India,32.529623_121.426788,566,China,lng_terminals,train
India,32.041846_121.746907,567,China,lng_terminals,train
India,22.618619_114.384841,568,China,lng_terminals,train
India,30.681206_121.246827,569,China,lng_terminals,train
India,23.583697_117.128510,571,China,lng_terminals,train
India,22.953596_113.556552,572,China,lng_terminals,train
India,21.898671_113.234963,573,China,lng_terminals,train
India,30.100617_122.282508,574,China,lng_terminals,train
India,29.918509_121.897766,575,China,lng_terminals,train
India,19.977562_110.057687,577,China,lng_terminals,train
India,29.760000_-93.920000,579,USA,lng_terminals,train
India,29.102706_121.638230,580,China,nuclear_plants,train
India,21.918300_112.981800,581,China,nuclear_plants,train
India,19.460188_108.899942,582,China,nuclear_plants,train
India,36.979200_122.531700,583,China,nuclear_plants,train
India,38.239300_-95.689800,584,USA,nuclear_plants,train
India,41.390100_-88.270100,585,USA,nuclear_plants,train
India,38.758900_-91.778800,588,USA,nuclear_plants,train
India,35.311000_-93.235100,589,USA,nuclear_plants,train
India,31.223100_-85.111600,590,USA,nuclear_plants,train
India,41.800600_-81.143900,591,USA,nuclear_plants,train
India,38.060100_-77.789700,592,USA,nuclear_plants,train
India,27.348600_-80.246400,593,USA,nuclear_plants,train
India,39.462500_-75.535800,594,USA,nuclear_plants,train
India,40.171900_-88.833900,596,USA,nuclear_plants,train
India,31.934200_-82.344700,597,USA,nuclear_plants,train
India,35.633400_-78.955600,598,USA,nuclear_plants,train
India,40.621900_-80.433600,599,USA,nuclear_plants,train
India,41.726100_-90.310300,601,USA,nuclear_plants,train
India,37.165600_-76.698300,602,USA,nuclear_plants,train
India,45.333800_-93.849300,603,USA,nuclear_plants,train
India,41.310700_-72.167700,604,USA,nuclear_plants,train
India,25.434480_-80.332400,605,USA,nuclear_plants,train
India,41.596700_-83.086100,607,USA,nuclear_plants,train
India,34.298300_-81.315300,608,USA,nuclear_plants,train
India,42.074200_-89.281900,609,USA,nuclear_plants,train
India,34.401700_-80.158900,611,USA,nuclear_plants,train
India,36.125930_103.608180,612,China,oil_refineries,train
India,38.337538_116.873481,613,China,oil_refineries,train
India,34.362449_108.760541,614,China,oil_refineries,train
India,23.805910_120.208420,615,China,oil_refineries,train
India,40.834000_121.045040,616,China,oil_refineries,train
India,21.824150_110.844830,617,China,oil_refineries,train
India,46.561570_124.827190,618,China,oil_refineries,train
India,22.938934_116.222475,620,China,oil_refineries,train
India,25.034075_121.308367,621,China,oil_refineries,train
India,45.757070_126.737895,623,China,oil_refineries,train
India,41.195405_121.991005,624,China,oil_refineries,train
India,41.051630_120.982510,626,China,oil_refineries,train
India,29.740461_116.066279,627,China,oil_refineries,train
India,37.579540_108.831713,628,China,oil_refineries,train
India,22.710150_120.315943,630,China,oil_refineries,train
India,41.155939_122.094434,633,China,oil_refineries,train
India,30.530037_117.025036,634,China,oil_refineries,train
India,22.527084_120.358668,636,China,oil_refineries,train
India,24.911964_102.374498,637,China,oil_refineries,train
India,36.778451_118.170405,638,China,oil_refineries,train
India,41.139594_121.092785,639,China,oil_refineries,train
India,21.766826_108.598460,640,China,oil_refineries,train
India,37.004545_109.840141,641,China,oil_refineries,train
India,36.213548_120.361734,642,China,oil_refineries,train
India,38.985009_121.842595,643,China,oil_refineries,train
India,38.479469_106.061250,644,China,oil_refineries,train
India,37.979143_114.671423,645,China,oil_refineries,train
India,36.765513_118.057066,646,China,oil_refineries,train
India,38.735228_116.130212,648,China,oil_refineries,train
India,31.015475_112.217200,649,China,oil_refineries,train
India,45.083402_124.853629,650,China,oil_refineries,train
India,22.754390_114.594621,652,China,oil_refineries,train
India,38.424683_106.116945,653,China,oil_refineries,train
India,41.780163_-107.109511,654,USA,oil_refineries,train
India,43.848521_-104.213903,655,USA,oil_refineries,train
India,29.684405_-89.979839,656,USA,oil_refineries,train
India,36.116749_-95.999949,657,USA,oil_refineries,train
India,41.655625_-88.046550,659,USA,oil_refineries,train
India,41.127132_-104.789750,660,USA,oil_refineries,train
India,31.767512_-106.395613,661,USA,oil_refineries,train
India,40.715965_-84.124640,663,USA,oil_refineries,train
India,37.797473_-96.872662,664,USA,oil_refineries,train
India,21.309493_-158.110927,665,USA,oil_refineries,train
India,33.853208_-118.332317,666,USA,oil_refineries,train
India,32.844821_-104.390979,668,USA,oil_refineries,train
India,32.798531_-93.411128,669,USA,oil_refineries,train
India,28.459210_-98.188265,670,USA,oil_refineries,train
India,38.072007_-122.138319,671,USA,oil_refineries,train
India,44.851007_-92.994345,672,USA,oil_refineries,train
India,40.610826_-80.629399,674,USA,oil_refineries,train
India,18.416245_-66.133120,675,USA,oil_refineries,train
India,32.360432_-95.281964,676,USA,oil_refineries,train
India,39.587733_-75.631323,678,USA,oil_refineries,train
India,30.132389_-93.320068,679,USA,oil_refineries,train
India,35.488468_-108.427359,680,USA,oil_refineries,train
India,40.792315_-111.905455,681,USA,oil_refineries,train
India,34.204400_-97.101794,682,USA,oil_refineries,train
India,46.855395_-102.911365,684,USA,oil_refineries,train
India,30.526508_-91.748001,685,USA,oil_refineries,train
India,36.139133_-96.022697,686,USA,oil_refineries,train
India,48.830501_-122.696618,687,USA,oil_refineries,train
India,35.955630_-101.880991,689,USA,oil_refineries,train
India,32.270992_-101.415073,690,USA,oil_refineries,train
India,27.816758_-97.484505,691,USA,oil_refineries,train
India,29.823380_-95.113566,692,USA,oil_refineries,train
India,47.523212_-111.295316,693,USA,oil_refineries,train
India,31.581264_117.875804,701,China,stp_plants,train
India,35.021874_118.344514,703,China,stp_plants,train
India,36.204131_113.067488,704,China,stp_plants,train
India,29.976792_106.366039,705,China,stp_plants,train
India,31.848273_120.143232,706,China,stp_plants,train
India,30.863736_119.964085,708,China,stp_plants,train
India,22.510668_114.119448,709,China,stp_plants,train
India,39.241556_118.173555,710,China,stp_plants,train
India,23.083456_112.519960,712,China,stp_plants,train
India,31.756628_119.855982,713,China,stp_plants,train
India,31.613639_120.843655,714,China,stp_plants,train
India,28.729298_115.873253,717,China,stp_plants,train
India,22.678724_114.040010,718,China,stp_plants,train
India,40.709400_114.886361,719,China,stp_plants,train
India,30.750066_103.907743,721,China,stp_plants,train
India,23.053193_113.343570,722,China,stp_plants,train
India,22.457079_114.190673,723,China,stp_plants,train
India,40.706567_111.557125,724,China,stp_plants,train
India,35.701082_114.566981,725,China,stp_plants,train
India,31.661706_119.972628,726,China,stp_plants,train
India,24.736483_113.566461,727,China,stp_plants,train
India,39.347560_-84.590270,735,USA,stp_plants,train
India,26.304794_-98.219196,736,USA,stp_plants,train
India,29.933014_-95.282457,737,USA,stp_plants,train
India,33.678256_-84.634493,739,USA,stp_plants,train
India,34.908944_-88.513806,740,USA,stp_plants,train
India,31.884448_-81.607261,741,USA,stp_plants,train
India,29.546333_-95.312972,742,USA,stp_plants,train
India,39.007030_-84.841210,743,USA,stp_plants,train
India,29.417167_-94.896306,745,USA,stp_plants,train
India,46.313889_-120.017502,746,USA,stp_plants,train
India,40.674306_-73.342389,747,USA,stp_plants,train
India,39.770694_-86.232306,749,USA,stp_plants,train
India,29.598580_-95.207732,750,USA,stp_plants,train
India,29.630278_-90.733611,751,USA,stp_plants,train
India,43.023000_-87.898000,752,USA,stp_plants,train
India,39.911623_-83.017403,754,USA,stp_plants,train
India,42.677222_-73.730722,755,USA,stp_plants,train
India,30.603333_-87.267500,756,USA,stp_plants,train
India,39.842250_-86.408250,757,USA,stp_plants,train
India,38.688645_-76.996768,758,USA,stp_plants,train
India,27.449611_-99.493694,760,USA,stp_plants,train
India,30.035341_-94.133575,761,USA,stp_plants,train
India,34.102722_-84.447972,762,USA,stp_plants,train
India,29.962417_-95.357139,764,USA,stp_plants,train
India,39.371950_-84.568850,765,USA,stp_plants,train
India,40.112694_-85.717389,766,USA,stp_plants,train
India,37.966333_-87.617667,768,USA,stp_plants,train
India,42.921000_-74.166500,769,USA,stp_plants,train
India,28.752361_-97.006583,770,USA,stp_plants,train
India,38.286694_-85.743750,771,USA,stp_plants,train
India,42.084722_-76.091111,773,USA,stp_plants,train
India,39.627306_-85.141694,774,USA,stp_plants,train
India,33.228888_-96.559722,775,USA,stp_plants,train
India,29.968166_-97.833019,776,USA,stp_plants,train
India,43.054472_-76.008250,777,USA,stp_plants,train
India,25.954014_-97.453935,778,USA,stp_plants,train
India,40.337513_-76.462151,780,USA,stp_plants,train
India,40.652306_-73.506472,781,USA,stp_plants,train
India,39.725410_-84.230070,782,USA,stp_plants,train
India,34.227167_-88.699778,784,USA,stp_plants,train
India,32.996537_-97.032517,785,USA,stp_plants,train
India,41.556810_-83.650150,786,USA,stp_plants,train
India,29.629134_-95.409126,787,USA,stp_plants,train
India,38.578844_-77.109476,789,USA,stp_plants,train
India,32.971944_-96.547222,790,USA,stp_plants,train
India,29.844961_-95.463295,791,USA,stp_plants,train
India,29.669688_-95.543019,792,USA,stp_plants,train
India,35.625085_-106.089213,794,USA,stp_plants,train
India,18.129407_-65.790717,795,USA,stp_plants,train
India,41.079611_-85.104389,796,USA,stp_plants,train
India,43.989639_-75.928639,797,USA,stp_plants,train
India,29.365531_-95.234120,799,USA,stp_plants,train
India,40.647610_109.743140,1,China,iron_still_plant,validation
India,27.787570_114.914320,5,China,iron_still_plant,validation
India,31.410000_121.465000,10,China,iron_still_plant,validation
India,40.395140_-79.859645,33,USA,iron_still_plant,validation
India,41.568783_-84.048129,39,USA,iron_still_plant,validation
India,33.480697_-86.937854,44,USA,iron_still_plant,validation
India,38.759878_-84.996204,48,USA,iron_still_plant,validation
India,33.447580_-88.572683,53,USA,iron_still_plant,validation
India,33.234761_-87.508498,56,USA,iron_still_plant,validation
India,19.777700_109.160500,66,China,lng_terminals,validation
India,25.213500_118.998300,69,China,lng_terminals,validation
India,29.600400_-89.886400,83,USA,lng_terminals,validation
India,38.385400_-76.409800,87,USA,lng_terminals,validation
India,30.441300_120.941800,93,China,nuclear_plants,validation
India,27.044000_120.284000,96,China,nuclear_plants,validation
India,30.435800_120.959300,100,China,nuclear_plants,validation
India,41.243900_-88.671100,114,USA,nuclear_plants,validation
India,33.141700_-81.764700,118,USA,nuclear_plants,validation
India,33.388000_-112.861700,123,USA,nuclear_plants,validation
India,34.704900_-87.118900,125,USA,nuclear_plants,validation
India,36.054410_120.187660,135,China,oil_refineries,validation
India,39.736060_115.965280,138,China,oil_refineries,validation
India,34.913890_112.598910,144,China,oil_refineries,validation
India,43.904310_126.593170,147,China,oil_refineries,validation
India,21.681740_110.880450,155,China,oil_refineries,validation
India,29.957935_-93.897484,181,USA,oil_refineries,validation
India,33.908200_-118.408500,188,USA,oil_refineries,validation
India,30.484917_-91.173920,189,USA,oil_refineries,validation
India,29.739444_-95.006944,198,USA,oil_refineries,validation
India,30.343733_-88.493800,200,USA,oil_refineries,validation
India,38.998676_-87.724781,207,USA,oil_refineries,validation
India,21.700500_108.624300,215,China,power_plants,validation
India,32.684170_116.901390,219,China,power_plants,validation
India,37.447700_122.205100,223,China,power_plants,validation
India,37.432200_120.018100,227,China,power_plants,validation
India,22.747220_113.677500,237,China,power_plants,validation
India,32.181670_119.576390,240,China,power_plants,validation
India,30.656600_113.917300,245,China,power_plants,validation
India,33.062590_-83.803880,342,USA,power_plants,validation
India,40.530000_-80.630830,348,USA,power_plants,validation
India,33.631940_-87.060560,352,USA,power_plants,validation
India,42.773890_-82.495000,357,USA,power_plants,validation
India,37.925560_-87.033890,362,USA,power_plants,validation
India,39.504720_-112.570280,370,USA,power_plants,validation
India,38.371940_-87.767220,373,USA,power_plants,validation
India,45.378700_-93.896600,375,USA,power_plants,validation
India,30.509837_104.116401,384,China,stp_plants,validation
India,39.961221_116.508744,387,China,stp_plants,validation
India,32.000547_118.849118,389,China,stp_plants,validation
India,30.592278_104.003342,401,China,stp_plants,validation
India,37.431962_-121.948099,419,USA,stp_plants,validation
India,39.112739_-84.546626,428,USA,stp_plants,validation
India,40.803664_-73.882763,430,USA,stp_plants,validation
India,42.286374_-83.126468,434,USA,stp_plants,validation
India,38.815179_-77.023237,439,USA,stp_plants,validation
India,40.788062_-73.921951,441,USA,stp_plants,validation
India,36.229201_116.533981,452,China,iron_still_plant,validation
India,36.621504_114.128189,455,China,iron_still_plant,validation
India,35.934831_111.497070,459,China,iron_still_plant,validation
India,37.075017_111.985148,465,China,iron_still_plant,validation
India,28.787202_120.248592,467,China,iron_still_plant,validation
India,35.727776_111.330122,474,China,iron_still_plant,validation
India,34.263509_113.853979,479,China,iron_still_plant,validation
India,35.662985_112.882395,486,China,iron_still_plant,validation
India,23.397750_114.898646,490,China,iron_still_plant,validation
India,29.397980_103.542532,494,China,iron_still_plant,validation
India,33.211332_120.774892,496,China,iron_still_plant,validation
India,35.618466_110.575788,502,China,iron_still_plant,validation
India,39.852710_118.181279,510,China,iron_still_plant,validation
India,38.075008_114.033043,512,China,iron_still_plant,validation
India,39.976702_118.558788,522,China,iron_still_plant,validation
India,27.818712_112.897751,523,China,iron_still_plant,validation
India,33.364534_115.099661,531,China,iron_still_plant,validation
India,27.903136_121.127993,563,China,lng_terminals,validation
India,22.839693_113.560184,570,China,lng_terminals,validation
India,22.934479_116.371427,576,China,lng_terminals,validation
India,31.293674_121.707193,578,China,lng_terminals,validation
India,32.298300_-97.785000,586,USA,nuclear_plants,validation
India,43.277700_-77.309900,587,USA,nuclear_plants,validation
India,33.959700_-78.011400,595,USA,nuclear_plants,validation
India,41.962780_-83.257500,600,USA,nuclear_plants,validation
India,42.899200_-70.848900,606,USA,nuclear_plants,validation
India,40.362800_-95.640800,610,USA,nuclear_plants,validation
India,32.261957_118.788113,619,China,oil_refineries,validation
India,43.965291_87.713888,622,China,oil_refineries,validation
India,43.967650_126.482320,625,China,oil_refineries,validation
India,40.735965_111.752458,629,China,oil_refineries,validation
India,40.735074_120.827047,631,China,oil_refineries,validation
India,35.654366_109.340936,632,China,oil_refineries,validation
India,25.184660_118.942742,635,China,oil_refineries,validation
India,43.867602_87.374837,647,China,oil_refineries,validation
India,36.691717_117.159494,651,China,oil_refineries,validation
India,47.255786_-122.397126,658,USA,oil_refineries,validation
India,46.849832_-100.883767,662,USA,oil_refineries,validation
India,37.906028_-87.928877,667,USA,oil_refineries,validation
India,46.690572_-92.067312,673,USA,oil_refineries,validation
India,38.043474_-122.255632,677,USA,oil_refineries,validation
India,29.998606_-93.984414,683,USA,oil_refineries,validation
India,41.628890_-83.504920,688,USA,oil_refineries,validation
India,31.528564_120.329457,702,China,stp_plants,validation
India,30.336128_112.143048,707,China,stp_plants,validation
India,32.825430_115.930455,711,China,stp_plants,validation
India,40.171072_117.928697,715,China,stp_plants,validation
India,24.279860_109.450309,716,China,stp_plants,validation
India,26.053304_119.364520,720,China,stp_plants,validation
India,42.527857_-70.876174,738,USA,stp_plants,validation
India,26.261586_-80.152722,744,USA,stp_plants,validation
India,37.825537_-122.295165,748,USA,stp_plants,validation
India,26.293306_-98.137750,753,USA,stp_plants,validation
India,37.651865_-77.313301,759,USA,stp_plants,validation
India,40.039444_-86.025000,763,USA,stp_plants,validation
India,34.551760_-92.593494,767,USA,stp_plants,validation
India,25.897222_-97.468778,772,USA,stp_plants,validation
India,37.941972_-87.349056,779,USA,stp_plants,validation
India,40.620028_-75.336528,783,USA,stp_plants,validation
India,35.306944_-81.134444,788,USA,stp_plants,validation
India,38.956444_-85.930833,793,USA,stp_plants,validation
India,29.898700_-90.168044,798,USA,stp_plants,validation
India,22.214460_84.872620,13,India,iron_still_plant,test
India,21.109860_72.643730,14,India,iron_still_plant,test
India,20.998640_86.019100,15,India,iron_still_plant,test
India,20.875370_84.987240,16,India,iron_still_plant,test
India,20.944800_86.058130,17,India,iron_still_plant,test
India,23.536460_87.258650,18,India,iron_still_plant,test
India,15.181790_76.669400,19,India,iron_still_plant,test
India,18.689750_73.040120,20,India,iron_still_plant,test
India,23.670510_86.925200,21,India,iron_still_plant,test
India,21.927530_83.347870,22,India,iron_still_plant,test
India,15.160040_76.711930,23,India,iron_still_plant,test
India,21.184380_81.390960,24,India,iron_still_plant,test
India,13.831170_75.706010,25,India,iron_still_plant,test
India,17.618830_83.193880,26,India,iron_still_plant,test
India,22.785040_86.199470,27,India,iron_still_plant,test
India,23.685290_86.102100,28,India,iron_still_plant,test
India,20.971050_86.009760,29,India,iron_still_plant,test
India,11.655100_78.031960,30,India,iron_still_plant,test
India,9.978700_76.226100,71,India,lng_terminals,test
India,21.674600_72.536000,72,India,lng_terminals,test
India,20.726656_70.739765,73,India,lng_terminals,test
India,13.290320_80.342932,74,India,lng_terminals,test
India,21.097433_72.623663,75,India,lng_terminals,test
India,17.300000_73.200000,76,India,lng_terminals,test
India,17.540000_73.160000,77,India,lng_terminals,test
India,22.737600_69.666300,78,India,lng_terminals,test
India,21.236500_73.353600,102,India,nuclear_plants,test
India,8.169100_77.713300,103,India,nuclear_plants,test
India,14.865000_74.438500,104,India,nuclear_plants,test
India,19.829400_72.661700,105,India,nuclear_plants,test
India,12.557400_80.175800,106,India,nuclear_plants,test
India,24.874700_75.618900,107,India,nuclear_plants,test
India,28.155000_78.405000,108,India,nuclear_plants,test
India,25.957220_72.183910,156,India,oil_refineries,test
India,17.705770_83.239820,157,India,oil_refineries,test
India,12.985800_74.844240,158,India,oil_refineries,test
India,19.012650_72.903520,159,India,oil_refineries,test
India,16.501510_81.895690,160,India,oil_refineries,test
India,9.969460_76.372520,161,India,oil_refineries,test
India,25.431360_86.060110,162,India,oil_refineries,test
India,10.826700_79.809990,163,India,oil_refineries,test
India,29.452480_76.868890,164,India,oil_refineries,test
India,20.261510_86.604780,165,India,oil_refineries,test
India,22.336790_69.866580,166,India,oil_refineries,test
India,26.582410_93.787210,167,India,oil_refineries,test
India,22.042860_88.105000,168,India,oil_refineries,test
India,29.918170_74.952240,169,India,oil_refineries,test
India,26.519460_90.531440,170,India,oil_refineries,test
India,22.362000_69.905000,171,India,oil_refineries,test
India,19.016370_72.894150,172,India,oil_refineries,test
India,13.174110_80.274940,173,India,oil_refineries,test
India,22.329730_69.744360,174,India,oil_refineries,test
India,27.381110_77.686180,175,India,oil_refineries,test
India,27.390120_95.619350,176,India,oil_refineries,test
India,22.379310_73.118720,177,India,oil_refineries,test
India,24.251710_78.161840,178,India,oil_refineries,test
India,26.184970_91.809280,179,India,oil_refineries,test
India,21.080546_77.899761,247,India,power_plants,test
India,16.294139_77.355852,248,India,power_plants,test
India,21.996332_82.670092,249,India,power_plants,test
India,20.810394_79.053632,250,India,power_plants,test
India,20.714478_76.795544,251,India,power_plants,test
India,21.686272_72.583894,252,India,power_plants,test
India,21.126354_84.984298,253,India,power_plants,test
India,18.773083_82.912495,254,India,power_plants,test
India,21.036851_78.935301,255,India,power_plants,test
India,16.715256_79.692881,256,India,power_plants,test
India,20.271546_78.979132,257,India,power_plants,test
India,13.159182_74.801536,258,India,power_plants,test
India,22.134102_85.383618,259,India,power_plants,test
India,19.001928_72.897914,260,India,power_plants,test
India,21.582274_72.222780,261,India,power_plants,test
India,22.071338_82.602720,262,India,power_plants,test
India,20.602567_79.960522,263,India,power_plants,test
India,21.094433_85.074208,264,India,power_plants,test
India,15.190658_76.719246,265,India,power_plants,test
India,20.010774_79.204130,266,India,power_plants,test
India,20.535118_85.908440,267,India,power_plants,test
India,21.119507_72.640143,268,India,power_plants,test
India,18.911331_76.550900,269,India,power_plants,test
India,21.311907_81.613041,270,India,power_plants,test
India,21.234812_79.091091,271,India,power_plants,test
India,20.311250_86.645222,272,India,power_plants,test
India,22.106019_83.452647,273,India,power_plants,test
India,17.552296_75.984170,274,India,power_plants,test
India,15.187821_76.664218,275,India,power_plants,test
India,20.928137_78.933634,276,India,power_plants,test
India,21.179777_79.396120,277,India,power_plants,test
India,21.451357_81.857265,278,India,power_plants,test
India,21.785861_84.057746,279,India,power_plants,test
India,11.053510_77.995319,280,India,power_plants,test
India,21.046589_75.851124,281,India,power_plants,test
India,22.105393_88.177149,282,India,power_plants,test
India,20.961104_86.049626,283,India,power_plants,test
India,21.962763_82.355160,284,India,power_plants,test
India,11.520733_79.750239,285,India,power_plants,test
India,19.710810_83.401442,286,India,power_plants,test
India,17.164344_77.294419,287,India,power_plants,test
India,21.735718_84.061814,288,India,power_plants,test
India,17.295813_73.214317,289,India,power_plants,test
India,21.065816_86.456459,290,India,power_plants,test
India,18.869301_76.524829,291,India,power_plants,test
India,18.771269_73.258387,292,India,power_plants,test
India,21.408806_79.965266,293,India,power_plants,test
India,14.703775_78.455557,294,India,power_plants,test
India,18.384136_79.826372,295,India,power_plants,test
India,19.930790_79.119793,296,India,power_plants,test
India,21.886879_83.122488,297,India,power_plants,test
India,22.102958_76.536267,298,India,power_plants,test
India,21.275119_79.124303,299,India,power_plants,test
India,15.171382_76.377211,300,India,power_plants,test
India,20.836833_70.691523,301,India,power_plants,test
India,19.955389_72.748536,302,India,power_plants,test
India,22.065238_75.851197,303,India,power_plants,test
India,21.743655_83.275316,304,India,power_plants,test
India,16.499536_75.836263,305,India,power_plants,test
India,16.706160_79.575595,306,India,power_plants,test
India,28.597428_77.609208,307,India,power_plants,test
India,21.184364_81.423720,308,India,power_plants,test
India,21.961752_82.410503,309,India,power_plants,test
India,21.691583_83.859812,310,India,power_plants,test
India,21.529949_83.906464,311,India,power_plants,test
India,21.963325_83.891044,312,India,power_plants,test
India,20.853179_85.193786,313,India,power_plants,test
India,21.757607_83.458242,314,India,power_plants,test
India,21.211415_73.560097,315,India,power_plants,test
India,11.770345_77.814183,316,India,power_plants,test
India,20.925224_71.459772,317,India,power_plants,test
India,21.395536_73.107464,318,India,power_plants,test
India,22.130668_83.264485,319,India,power_plants,test
India,20.807666_85.291187,320,India,power_plants,test
India,22.011342_83.205460,321,India,power_plants,test
India,21.910421_83.187371,322,India,power_plants,test
India,19.195711_83.028021,323,India,power_plants,test
India,21.664922_83.922943,324,India,power_plants,test
India,18.827453_79.573524,325,India,power_plants,test
India,11.592651_79.467958,326,India,power_plants,test
India,20.870912_85.268004,327,India,power_plants,test
India,22.110025_78.174677,328,India,power_plants,test
India,19.980231_73.892310,329,India,power_plants,test
India,20.892166_84.992334,330,India,power_plants,test
India,16.356359_77.340639,331,India,power_plants,test
India,19.864702_74.083141,332,India,power_plants,test
India,18.758290_79.453779,333,India,power_plants,test
India,11.547959_79.443405,334,India,power_plants,test
India,20.910220_85.208016,335,India,power_plants,test
India,22.128438_83.535072,336,India,power_plants,test
India,22.132540_82.293647,337,India,power_plants,test
India,20.006349_79.287595,338,India,power_plants,test
India,20.514822_85.723424,339,India,power_plants,test
India,20.707247_78.629038,340,India,power_plants,test
India,28.604040_77.325318,402,India,stp_plants,test
India,12.939611_77.659264,403,India,stp_plants,test
India,12.957010_80.234184,404,India,stp_plants,test
India,13.147300_80.260400,405,India,stp_plants,test
India,19.148614_72.813993,406,India,stp_plants,test
India,13.036100_80.193700,407,India,stp_plants,test
India,12.919011_77.494254,408,India,stp_plants,test
India,13.064492_80.199873,409,India,stp_plants,test
India,19.078768_72.933040,410,India,stp_plants,test
India,28.547100_77.283500,411,India,stp_plants,test
India,28.727625_77.186294,412,India,stp_plants,test
India,17.381194_78.533621,413,India,stp_plants,test
India,28.725085_77.106106,414,India,stp_plants,test
India,28.698324_77.287145,415,India,stp_plants,test
India,28.671236_77.049608,416,India,stp_plants,test
India,21.190313_81.199220,533,India,iron_still_plant,test
India,21.232929_79.632398,534,India,iron_still_plant,test
India,14.152912_76.665824,535,India,iron_still_plant,test
India,21.839759_83.982227,536,India,iron_still_plant,test
India,21.983709_83.238133,537,India,iron_still_plant,test
India,14.873471_78.048425,538,India,iron_still_plant,test
India,23.693749_87.122711,539,India,iron_still_plant,test
India,21.679216_84.041449,540,India,iron_still_plant,test
India,20.796227_85.256654,541,India,iron_still_plant,test
India,21.486190_81.771697,542,India,iron_still_plant,test
India,22.874863_86.063646,543,India,iron_still_plant,test
India,23.633840_86.302152,544,India,iron_still_plant,test
India,26.757009_83.199086,545,India,iron_still_plant,test
India,13.717188_79.630588,546,India,iron_still_plant,test
India,11.814754_77.918049,547,India,iron_still_plant,test
India,23.613861_86.789527,548,India,iron_still_plant,test
India,23.487439_87.369494,549,India,iron_still_plant,test
India,21.928511_85.223988,550,India,iron_still_plant,test
India,15.334025_76.287252,551,India,iron_still_plant,test
India,15.339055_76.251696,552,India,iron_still_plant,test
India,18.530853_72.947091,553,India,iron_still_plant,test
India,21.354495_81.676444,554,India,iron_still_plant,test
India,22.364258_87.309047,555,India,iron_still_plant,test
India,24.145239_86.334999,556,India,iron_still_plant,test
India,22.378355_87.281773,557,India,iron_still_plant,test
India,23.112781_70.086688,558,India,iron_still_plant,test
India,23.507539_87.277914,559,India,iron_still_plant,test
India,29.127253_75.773075,560,India,iron_still_plant,test
India,22.588359_85.905724,561,India,iron_still_plant,test
India,19.093190_82.170000,562,India,iron_still_plant,test
India,21.815743_84.042036,694,India,power_plants,test
India,22.815800_69.528100,695,India,power_plants,test
India,25.236903_87.265595,696,India,power_plants,test
India,23.977523_82.626473,697,India,power_plants,test
India,24.098300_82.671900,698,India,power_plants,test
India,24.027000_82.791500,699,India,power_plants,test
India,14.327604_80.122105,700,India,power_plants,test
India,25.417725_81.856154,728,India,stp_plants,test
India,22.626002_88.464977,729,India,stp_plants,test
India,23.096290_72.651441,730,India,stp_plants,test
India,17.416192_78.464354,731,India,stp_plants,test
India,22.972972_72.548870,732,India,stp_plants,test
India,26.951629_75.890150,733,India,stp_plants,test
India,22.981652_72.527719,734,India,stp_plants,test
USA,35.385000_119.545000,2,China,iron_still_plant,train
USA,26.581000_101.656000,3,China,iron_still_plant,train
USA,36.583000_114.418000,4,China,iron_still_plant,train
USA,27.787570_114.914320,5,China,iron_still_plant,train
USA,32.187010_118.743240,6,China,iron_still_plant,train
USA,41.278220_123.710910,8,China,iron_still_plant,train
USA,31.709660_118.485130,9,China,iron_still_plant,train
USA,31.410000_121.465000,10,China,iron_still_plant,train
USA,30.625520_114.444450,11,China,iron_still_plant,train
USA,22.214460_84.872620,13,India,iron_still_plant,train
USA,21.109860_72.643730,14,India,iron_still_plant,train
USA,20.875370_84.987240,16,India,iron_still_plant,train
USA,20.944800_86.058130,17,India,iron_still_plant,train
USA,23.536460_87.258650,18,India,iron_still_plant,train
USA,15.181790_76.669400,19,India,iron_still_plant,train
USA,18.689750_73.040120,20,India,iron_still_plant,train
USA,21.927530_83.347870,22,India,iron_still_plant,train
USA,15.160040_76.711930,23,India,iron_still_plant,train
USA,21.184380_81.390960,24,India,iron_still_plant,train
USA,13.831170_75.706010,25,India,iron_still_plant,train
USA,22.785040_86.199470,27,India,iron_still_plant,train
USA,23.685290_86.102100,28,India,iron_still_plant,train
USA,20.971050_86.009760,29,India,iron_still_plant,train
USA,11.655100_78.031960,30,India,iron_still_plant,train
USA,22.585000_114.440000,59,China,lng_terminals,train
USA,22.593800_114.444500,61,China,lng_terminals,train
USA,38.960400_121.884100,62,China,lng_terminals,train
USA,38.931100_117.874100,63,China,lng_terminals,train
USA,30.604400_122.102400,65,China,lng_terminals,train
USA,19.777700_109.160500,66,China,lng_terminals,train
USA,22.576600_114.436400,67,China,lng_terminals,train
USA,35.586200_119.759700,68,China,lng_terminals,train
USA,25.213500_118.998300,69,China,lng_terminals,train
USA,24.303060_118.126390,70,China,lng_terminals,train
USA,9.978700_76.226100,71,India,lng_terminals,train
USA,21.674600_72.536000,72,India,lng_terminals,train
USA,20.726656_70.739765,73,India,lng_terminals,train
USA,21.097433_72.623663,75,India,lng_terminals,train
USA,22.737600_69.666300,78,India,lng_terminals,train
USA,22.597700_114.543300,91,China,nuclear_plants,train
USA,36.708300_121.383300,92,China,nuclear_plants,train
USA,30.441300_120.941800,93,China,nuclear_plants,train
USA,21.670800_108.558300,95,China,nuclear_plants,train
USA,27.044000_120.284000,96,China,nuclear_plants,train
USA,22.600000_114.550000,97,China,nuclear_plants,train
USA,39.797000_121.476500,98,China,nuclear_plants,train
USA,25.440600_119.441600,99,China,nuclear_plants,train
USA,30.435800_120.959300,100,China,nuclear_plants,train
USA,34.686400_119.458600,101,China,nuclear_plants,train
USA,21.236500_73.353600,102,India,nuclear_plants,train
USA,8.169100_77.713300,103,India,nuclear_plants,train
USA,14.865000_74.438500,104,India,nuclear_plants,train
USA,19.829400_72.661700,105,India,nuclear_plants,train
USA,24.874700_75.618900,107,India,nuclear_plants,train
USA,28.155000_78.405000,108,India,nuclear_plants,train
USA,23.132000_113.476000,133,China,oil_refineries,train
USA,46.527200_125.088530,134,China,oil_refineries,train
USA,36.054410_120.187660,135,China,oil_refineries,train
USA,19.763810_109.180730,137,China,oil_refineries,train
USA,39.736060_115.965280,138,China,oil_refineries,train
USA,41.830770_124.050210,139,China,oil_refineries,train
USA,21.045020_110.450660,140,China,oil_refineries,train
USA,38.827300_117.408890,143,China,oil_refineries,train
USA,34.913890_112.598910,144,China,oil_refineries,train
USA,30.706940_121.300040,145,China,oil_refineries,train
USA,39.570000_121.265000,146,China,oil_refineries,train
USA,38.979110_121.646290,148,China,oil_refineries,train
USA,25.056760_118.895080,149,China,oil_refineries,train
USA,32.160310_118.919430,150,China,oil_refineries,train
USA,41.211600_123.232200,151,China,oil_refineries,train
USA,30.650730_114.434980,153,China,oil_refineries,train
USA,36.110990_103.641810,154,China,oil_refineries,train
USA,21.681740_110.880450,155,China,oil_refineries,train
USA,25.957220_72.183910,156,India,oil_refineries,train
USA,17.705770_83.239820,157,India,oil_refineries,train
USA,12.985800_74.844240,158,India,oil_refineries,train
USA,16.501510_81.895690,160,India,oil_refineries,train
USA,9.969460_76.372520,161,India,oil_refineries,train
USA,25.431360_86.060110,162,India,oil_refineries,train
USA,29.452480_76.868890,164,India,oil_refineries,train
USA,20.261510_86.604780,165,India,oil_refineries,train
USA,22.336790_69.866580,166,India,oil_refineries,train
USA,26.582410_93.787210,167,India,oil_refineries,train
USA,22.042860_88.105000,168,India,oil_refineries,train
USA,29.918170_74.952240,169,India,oil_refineries,train
USA,26.519460_90.531440,170,India,oil_refineries,train
USA,13.174110_80.274940,173,India,oil_refineries,train
USA,22.329730_69.744360,174,India,oil_refineries,train
USA,27.381110_77.686180,175,India,oil_refineries,train
USA,22.379310_73.118720,177,India,oil_refineries,train
USA,24.251710_78.161840,178,India,oil_refineries,train
USA,26.184970_91.809280,179,India,oil_refineries,train
USA,31.755500_120.969900,210,China,power_plants,train
USA,40.367000_109.996000,211,China,power_plants,train
USA,23.005560_116.546670,213,China,power_plants,train
USA,21.866670_112.922780,214,China,power_plants,train
USA,21.700500_108.624300,215,China,power_plants,train
USA,29.940560_121.813330,217,China,power_plants,train
USA,32.684170_116.901390,219,China,power_plants,train
USA,44.268900_87.687900,220,China,power_plants,train
USA,42.223700_116.029300,221,China,power_plants,train
USA,31.656800_121.179800,222,China,power_plants,train
USA,32.195800_119.249700,224,China,power_plants,train
USA,35.167600_112.716500,225,China,power_plants,train
USA,24.727300_118.749700,226,China,power_plants,train
USA,37.432200_120.018100,227,China,power_plants,train
USA,30.760700_121.400800,228,China,power_plants,train
USA,38.057500_106.691400,229,China,power_plants,train
USA,40.080000_120.007500,230,China,power_plants,train
USA,30.629720_121.146110,231,China,power_plants,train
USA,40.028890_113.293610,232,China,power_plants,train
USA,29.347200_106.434200,233,China,power_plants,train
USA,31.355830_121.597220,234,China,power_plants,train
USA,31.915900_117.248000,236,China,power_plants,train
USA,22.747220_113.677500,237,China,power_plants,train
USA,37.892300_112.091400,238,China,power_plants,train
USA,32.181670_119.576390,240,China,power_plants,train
USA,35.469720_112.578060,241,China,power_plants,train
USA,40.196940_111.364440,242,China,power_plants,train
USA,28.115830_121.137780,244,China,power_plants,train
USA,21.080546_77.899761,247,India,power_plants,train
USA,16.294139_77.355852,248,India,power_plants,train
USA,21.996332_82.670092,249,India,power_plants,train
USA,20.810394_79.053632,250,India,power_plants,train
USA,20.714478_76.795544,251,India,power_plants,train
USA,21.686272_72.583894,252,India,power_plants,train
USA,21.126354_84.984298,253,India,power_plants,train
USA,18.773083_82.912495,254,India,power_plants,train
USA,21.036851_78.935301,255,India,power_plants,train
USA,16.715256_79.692881,256,India,power_plants,train
USA,20.271546_78.979132,257,India,power_plants,train
USA,13.159182_74.801536,258,India,power_plants,train
USA,21.582274_72.222780,261,India,power_plants,train
USA,20.602567_79.960522,263,India,power_plants,train
USA,21.094433_85.074208,264,India,power_plants,train
USA,15.190658_76.719246,265,India,power_plants,train
USA,20.010774_79.204130,266,India,power_plants,train
USA,20.535118_85.908440,267,India,power_plants,train
USA,21.119507_72.640143,268,India,power_plants,train
USA,18.911331_76.550900,269,India,power_plants,train
USA,21.311907_81.613041,270,India,power_plants,train
USA,20.311250_86.645222,272,India,power_plants,train
USA,22.106019_83.452647,273,India,power_plants,train
USA,17.552296_75.984170,274,India,power_plants,train
USA,15.187821_76.664218,275,India,power_plants,train
USA,20.928137_78.933634,276,India,power_plants,train
USA,21.179777_79.396120,277,India,power_plants,train
USA,21.451357_81.857265,278,India,power_plants,train
USA,11.053510_77.995319,280,India,power_plants,train
USA,21.046589_75.851124,281,India,power_plants,train
USA,22.105393_88.177149,282,India,power_plants,train
USA,21.962763_82.355160,284,India,power_plants,train
USA,11.520733_79.750239,285,India,power_plants,train
USA,19.710810_83.401442,286,India,power_plants,train
USA,21.735718_84.061814,288,India,power_plants,train
USA,21.065816_86.456459,290,India,power_plants,train
USA,18.869301_76.524829,291,India,power_plants,train
USA,21.408806_79.965266,293,India,power_plants,train
USA,14.703775_78.455557,294,India,power_plants,train
USA,18.384136_79.826372,295,India,power_plants,train
USA,19.930790_79.119793,296,India,power_plants,train
USA,21.886879_83.122488,297,India,power_plants,train
USA,21.275119_79.124303,299,India,power_plants,train
USA,15.171382_76.377211,300,India,power_plants,train
USA,20.836833_70.691523,301,India,power_plants,train
USA,22.065238_75.851197,303,India,power_plants,train
USA,21.743655_83.275316,304,India,power_plants,train
USA,16.499536_75.836263,305,India,power_plants,train
USA,16.706160_79.575595,306,India,power_plants,train
USA,28.597428_77.609208,307,India,power_plants,train
USA,21.184364_81.423720,308,India,power_plants,train
USA,21.961752_82.410503,309,India,power_plants,train
USA,21.529949_83.906464,311,India,power_plants,train
USA,20.853179_85.193786,313,India,power_plants,train
USA,21.757607_83.458242,314,India,power_plants,train
USA,21.211415_73.560097,315,India,power_plants,train
USA,11.770345_77.814183,316,India,power_plants,train
USA,20.925224_71.459772,317,India,power_plants,train
USA,21.395536_73.107464,318,India,power_plants,train
USA,20.807666_85.291187,320,India,power_plants,train
USA,22.011342_83.205460,321,India,power_plants,train
USA,21.910421_83.187371,322,India,power_plants,train
USA,21.664922_83.922943,324,India,power_plants,train
USA,11.592651_79.467958,326,India,power_plants,train
USA,20.870912_85.268004,327,India,power_plants,train
USA,22.110025_78.174677,328,India,power_plants,train
USA,19.980231_73.892310,329,India,power_plants,train
USA,20.892166_84.992334,330,India,power_plants,train
USA,16.356359_77.340639,331,India,power_plants,train
USA,19.864702_74.083141,332,India,power_plants,train
USA,18.758290_79.453779,333,India,power_plants,train
USA,11.547959_79.443405,334,India,power_plants,train
USA,20.910220_85.208016,335,India,power_plants,train
USA,22.132540_82.293647,337,India,power_plants,train
USA,20.006349_79.287595,338,India,power_plants,train
USA,20.707247_78.629038,340,India,power_plants,train
USA,28.132629_112.958321,383,China,stp_plants,train
USA,30.509837_104.116401,384,China,stp_plants,train
USA,39.825986_116.434918,385,China,stp_plants,train
USA,39.961221_116.508744,387,China,stp_plants,train
USA,24.979520_102.715382,388,China,stp_plants,train
USA,32.000547_118.849118,389,China,stp_plants,train
USA,30.671179_114.286834,390,China,stp_plants,train
USA,31.500192_120.366377,392,China,stp_plants,train
USA,30.294896_120.309488,393,China,stp_plants,train
USA,31.348298_121.611660,395,China,stp_plants,train
USA,37.958995_114.529093,396,China,stp_plants,train
USA,39.895771_116.525970,397,China,stp_plants,train
USA,30.447735_114.413491,398,China,stp_plants,train
USA,23.124946_113.214134,399,China,stp_plants,train
USA,23.096080_113.462711,400,China,stp_plants,train
USA,30.592278_104.003342,401,China,stp_plants,train
USA,12.957010_80.234184,404,India,stp_plants,train
USA,13.147300_80.260400,405,India,stp_plants,train
USA,19.148614_72.813993,406,India,stp_plants,train
USA,13.036100_80.193700,407,India,stp_plants,train
USA,12.919011_77.494254,408,India,stp_plants,train
USA,13.064492_80.199873,409,India,stp_plants,train
USA,19.078768_72.933040,410,India,stp_plants,train
USA,28.727625_77.186294,412,India,stp_plants,train
USA,17.381194_78.533621,413,India,stp_plants,train
USA,28.725085_77.106106,414,India,stp_plants,train
USA,28.698324_77.287145,415,India,stp_plants,train
USA,31.980237_120.571455,442,China,iron_still_plant,train
USA,39.257823_119.033567,443,China,iron_still_plant,train
USA,24.385304_109.379630,444,China,iron_still_plant,train
USA,40.044026_118.552001,445,China,iron_still_plant,train
USA,35.665945_111.025976,446,China,iron_still_plant,train
USA,36.664097_114.115263,448,China,iron_still_plant,train
USA,24.673567_110.789590,449,China,iron_still_plant,train
USA,26.261109_117.614709,451,China,iron_still_plant,train
USA,36.229201_116.533981,452,China,iron_still_plant,train
USA,29.916729_113.822921,454,China,iron_still_plant,train
USA,36.621504_114.128189,455,China,iron_still_plant,train
USA,43.200230_124.335697,456,China,iron_still_plant,train
USA,40.689778_110.214707,457,China,iron_still_plant,train
USA,35.701895_110.786826,458,China,iron_still_plant,train
USA,35.934831_111.497070,459,China,iron_still_plant,train
USA,41.838774_123.806586,460,China,iron_still_plant,train
USA,32.138393_119.554693,462,China,iron_still_plant,train
USA,36.308447_117.540425,463,China,iron_still_plant,train
USA,36.033646_104.035535,464,China,iron_still_plant,train
USA,27.615147_106.949926,466,China,iron_still_plant,train
USA,28.787202_120.248592,467,China,iron_still_plant,train
USA,46.602297_131.071877,468,China,iron_still_plant,train
USA,31.602554_119.724256,469,China,iron_still_plant,train
USA,44.011951_126.537086,470,China,iron_still_plant,train
USA,31.723833_120.835685,472,China,iron_still_plant,train
USA,36.131666_113.872158,473,China,iron_still_plant,train
USA,35.727776_111.330122,474,China,iron_still_plant,train
USA,30.204603_115.125838,475,China,iron_still_plant,train
USA,23.524465_111.240200,477,China,iron_still_plant,train
USA,46.055685_122.063282,478,China,iron_still_plant,train
USA,34.263509_113.853979,479,China,iron_still_plant,train
USA,39.925508_118.672757,480,China,iron_still_plant,train
USA,25.142516_102.077727,481,China,iron_still_plant,train
USA,35.879956_114.334825,482,China,iron_still_plant,train
USA,37.752351_115.184798,484,China,iron_still_plant,train
USA,35.586841_111.258436,485,China,iron_still_plant,train
USA,35.662985_112.882395,486,China,iron_still_plant,train
USA,39.610605_118.474722,488,China,iron_still_plant,train
USA,39.938866_118.576678,489,China,iron_still_plant,train
USA,23.397750_114.898646,490,China,iron_still_plant,train
USA,36.668560_101.671414,491,China,iron_still_plant,train
USA,45.562002_126.968128,493,China,iron_still_plant,train
USA,26.768925_119.765203,495,China,iron_still_plant,train
USA,33.211332_120.774892,496,China,iron_still_plant,train
USA,41.841223_123.753895,497,China,iron_still_plant,train
USA,32.027791_119.577060,498,China,iron_still_plant,train
USA,25.244396_118.029905,499,China,iron_still_plant,train
USA,34.500122_116.908897,500,China,iron_still_plant,train
USA,26.595229_104.877413,501,China,iron_still_plant,train
USA,35.618466_110.575788,502,China,iron_still_plant,train
USA,27.224477_120.328828,504,China,iron_still_plant,train
USA,35.605506_110.652056,505,China,iron_still_plant,train
USA,32.329171_115.954963,506,China,iron_still_plant,train
USA,35.694321_111.429381,508,China,iron_still_plant,train
USA,32.838703_119.425236,509,China,iron_still_plant,train
USA,39.852710_118.181279,510,China,iron_still_plant,train
USA,29.778431_116.275270,511,China,iron_still_plant,train
USA,38.075008_114.033043,512,China,iron_still_plant,train
USA,35.196903_119.382735,513,China,iron_still_plant,train
USA,38.391372_114.139998,514,China,iron_still_plant,train
USA,31.062807_117.956015,516,China,iron_still_plant,train
USA,40.515035_117.596071,517,China,iron_still_plant,train
USA,24.953261_102.378082,518,China,iron_still_plant,train
USA,28.090098_119.519509,520,China,iron_still_plant,train
USA,36.106143_117.820108,521,China,iron_still_plant,train
USA,39.976702_118.558788,522,China,iron_still_plant,train
USA,27.818712_112.897751,523,China,iron_still_plant,train
USA,27.748222_111.970149,525,China,iron_still_plant,train
USA,39.160401_118.429806,526,China,iron_still_plant,train
USA,42.278115_119.015289,527,China,iron_still_plant,train
USA,31.502272_118.465162,528,China,iron_still_plant,train
USA,40.183913_118.073913,530,China,iron_still_plant,train
USA,33.364534_115.099661,531,China,iron_still_plant,train
USA,36.685881_113.837073,532,China,iron_still_plant,train
USA,21.232929_79.632398,534,India,iron_still_plant,train
USA,14.152912_76.665824,535,India,iron_still_plant,train
USA,21.839759_83.982227,536,India,iron_still_plant,train
USA,14.873471_78.048425,538,India,iron_still_plant,train
USA,23.693749_87.122711,539,India,iron_still_plant,train
USA,21.679216_84.041449,540,India,iron_still_plant,train
USA,20.796227_85.256654,541,India,iron_still_plant,train
USA,21.486190_81.771697,542,India,iron_still_plant,train
USA,22.874863_86.063646,543,India,iron_still_plant,train
USA,23.633840_86.302152,544,India,iron_still_plant,train
USA,26.757009_83.199086,545,India,iron_still_plant,train
USA,13.717188_79.630588,546,India,iron_still_plant,train
USA,11.814754_77.918049,547,India,iron_still_plant,train
USA,23.487439_87.369494,549,India,iron_still_plant,train
USA,15.334025_76.287252,551,India,iron_still_plant,train
USA,15.339055_76.251696,552,India,iron_still_plant,train
USA,18.530853_72.947091,553,India,iron_still_plant,train
USA,21.354495_81.676444,554,India,iron_still_plant,train
USA,22.364258_87.309047,555,India,iron_still_plant,train
USA,22.378355_87.281773,557,India,iron_still_plant,train
USA,23.507539_87.277914,559,India,iron_still_plant,train
USA,29.127253_75.773075,560,India,iron_still_plant,train
USA,22.588359_85.905724,561,India,iron_still_plant,train
USA,19.093190_82.170000,562,India,iron_still_plant,train
USA,27.903136_121.127993,563,China,lng_terminals,train
USA,21.588573_108.354728,565,China,lng_terminals,train
USA,32.529623_121.426788,566,China,lng_terminals,train
USA,32.041846_121.746907,567,China,lng_terminals,train
USA,22.618619_114.384841,568,China,lng_terminals,train
USA,22.839693_113.560184,570,China,lng_terminals,train
USA,23.583697_117.128510,571,China,lng_terminals,train
USA,22.953596_113.556552,572,China,lng_terminals,train
USA,21.898671_113.234963,573,China,lng_terminals,train
USA,30.100617_122.282508,574,China,lng_terminals,train
USA,29.918509_121.897766,575,China,lng_terminals,train
USA,22.934479_116.371427,576,China,lng_terminals,train
USA,31.293674_121.707193,578,China,lng_terminals,train
USA,29.102706_121.638230,580,China,nuclear_plants,train
USA,21.918300_112.981800,581,China,nuclear_plants,train
USA,36.979200_122.531700,583,China,nuclear_plants,train
USA,36.125930_103.608180,612,China,oil_refineries,train
USA,38.337538_116.873481,613,China,oil_refineries,train
USA,23.805910_120.208420,615,China,oil_refineries,train
USA,40.834000_121.045040,616,China,oil_refineries,train
USA,21.824150_110.844830,617,China,oil_refineries,train
USA,46.561570_124.827190,618,China,oil_refineries,train
USA,32.261957_118.788113,619,China,oil_refineries,train
USA,22.938934_116.222475,620,China,oil_refineries,train
USA,43.965291_87.713888,622,China,oil_refineries,train
USA,45.757070_126.737895,623,China,oil_refineries,train
USA,41.195405_121.991005,624,China,oil_refineries,train
USA,43.967650_126.482320,625,China,oil_refineries,train
USA,37.579540_108.831713,628,China,oil_refineries,train
USA,40.735965_111.752458,629,China,oil_refineries,train
USA,22.710150_120.315943,630,China,oil_refineries,train
USA,35.654366_109.340936,632,China,oil_refineries,train
USA,41.155939_122.094434,633,China,oil_refineries,train
USA,30.530037_117.025036,634,China,oil_refineries,train
USA,25.184660_118.942742,635,China,oil_refineries,train
USA,22.527084_120.358668,636,China,oil_refineries,train
USA,36.778451_118.170405,638,China,oil_refineries,train
USA,41.139594_121.092785,639,China,oil_refineries,train
USA,37.004545_109.840141,641,China,oil_refineries,train
USA,36.213548_120.361734,642,China,oil_refineries,train
USA,38.985009_121.842595,643,China,oil_refineries,train
USA,38.479469_106.061250,644,China,oil_refineries,train
USA,37.979143_114.671423,645,China,oil_refineries,train
USA,36.765513_118.057066,646,China,oil_refineries,train
USA,38.735228_116.130212,648,China,oil_refineries,train
USA,31.015475_112.217200,649,China,oil_refineries,train
USA,45.083402_124.853629,650,China,oil_refineries,train
USA,36.691717_117.159494,651,China,oil_refineries,train
USA,22.754390_114.594621,652,China,oil_refineries,train
USA,38.424683_106.116945,653,China,oil_refineries,train
USA,21.815743_84.042036,694,India,power_plants,train
USA,25.236903_87.265595,696,India,power_plants,train
USA,24.098300_82.671900,698,India,power_plants,train
USA,24.027000_82.791500,699,India,power_plants,train
USA,14.327604_80.122105,700,India,power_plants,train
USA,31.581264_117.875804,701,China,stp_plants,train
USA,35.021874_118.344514,703,China,stp_plants,train
USA,36.204131_113.067488,704,China,stp_plants,train
USA,29.976792_106.366039,705,China,stp_plants,train
USA,31.848273_120.143232,706,China,stp_plants,train
USA,30.863736_119.964085,708,China,stp_plants,train
USA,22.510668_114.119448,709,China,stp_plants,train
USA,39.241556_118.173555,710,China,stp_plants,train
USA,32.825430_115.930455,711,China,stp_plants,train
USA,31.756628_119.855982,713,China,stp_plants,train
USA,31.613639_120.843655,714,China,stp_plants,train
USA,40.171072_117.928697,715,China,stp_plants,train
USA,24.279860_109.450309,716,China,stp_plants,train
USA,22.678724_114.040010,718,China,stp_plants,train
USA,40.709400_114.886361,719,China,stp_plants,train
USA,30.750066_103.907743,721,China,stp_plants,train
USA,23.053193_113.343570,722,China,stp_plants,train
USA,22.457079_114.190673,723,China,stp_plants,train
USA,40.706567_111.557125,724,China,stp_plants,train
USA,31.661706_119.972628,726,China,stp_plants,train
USA,24.736483_113.566461,727,China,stp_plants,train
USA,25.417725_81.856154,728,India,stp_plants,train
USA,22.626002_88.464977,729,India,stp_plants,train
USA,23.096290_72.651441,730,India,stp_plants,train
USA,17.416192_78.464354,731,India,stp_plants,train
USA,22.972972_72.548870,732,India,stp_plants,train
USA,26.951629_75.890150,733,India,stp_plants,train
USA,41.156000_122.993970,0,China,iron_still_plant,validation
USA,40.647610_109.743140,1,China,iron_still_plant,validation
USA,37.923380_112.538490,7,China,iron_still_plant,validation
USA,31.905000_120.545000,12,China,iron_still_plant,validation
USA,20.998640_86.019100,15,India,iron_still_plant,validation
USA,23.670510_86.925200,21,India,iron_still_plant,validation
USA,17.618830_83.193880,26,India,iron_still_plant,validation
USA,38.933100_118.532900,60,China,lng_terminals,validation
USA,21.448600_109.532100,64,China,lng_terminals,validation
USA,13.290320_80.342932,74,India,lng_terminals,validation
USA,17.300000_73.200000,76,India,lng_terminals,validation
USA,17.540000_73.160000,77,India,lng_terminals,validation
USA,21.708300_112.261100,94,China,nuclear_plants,validation
USA,12.557400_80.175800,106,India,nuclear_plants,validation
USA,31.343170_121.553670,136,China,oil_refineries,validation
USA,36.758560_118.252150,141,China,oil_refineries,validation
USA,29.540130_113.372980,142,China,oil_refineries,validation
USA,43.904310_126.593170,147,China,oil_refineries,validation
USA,29.980980_121.671700,152,China,oil_refineries,validation
USA,19.012650_72.903520,159,India,oil_refineries,validation
USA,10.826700_79.809990,163,India,oil_refineries,validation
USA,22.362000_69.905000,171,India,oil_refineries,validation
USA,19.016370_72.894150,172,India,oil_refineries,validation
USA,27.390120_95.619350,176,India,oil_refineries,validation
USA,39.219300_117.929900,212,China,power_plants,validation
USA,34.377900_117.175900,216,China,power_plants,validation
USA,35.326670_116.933890,218,China,power_plants,validation
USA,37.447700_122.205100,223,China,power_plants,validation
USA,30.551800_114.642000,235,China,power_plants,validation
USA,23.566110_117.096940,239,China,power_plants,validation
USA,29.487780_121.509440,243,China,power_plants,validation
USA,30.656600_113.917300,245,China,power_plants,validation
USA,38.148300_106.345800,246,China,power_plants,validation
USA,22.134102_85.383618,259,India,power_plants,validation
USA,19.001928_72.897914,260,India,power_plants,validation
USA,22.071338_82.602720,262,India,power_plants,validation
USA,21.234812_79.091091,271,India,power_plants,validation
USA,21.785861_84.057746,279,India,power_plants,validation
USA,20.961104_86.049626,283,India,power_plants,validation
USA,17.164344_77.294419,287,India,power_plants,validation
USA,17.295813_73.214317,289,India,power_plants,validation
USA,18.771269_73.258387,292,India,power_plants,validation
USA,22.102958_76.536267,298,India,power_plants,validation
USA,19.955389_72.748536,302,India,power_plants,validation
USA,21.691583_83.859812,310,India,power_plants,validation
USA,21.963325_83.891044,312,India,power_plants,validation
USA,22.130668_83.264485,319,India,power_plants,validation
USA,19.195711_83.028021,323,India,power_plants,validation
USA,18.827453_79.573524,325,India,power_plants,validation
USA,22.128438_83.535072,336,India,power_plants,validation
USA,20.514822_85.723424,339,India,power_plants,validation
USA,31.252429_121.742610,386,China,stp_plants,validation
USA,28.278597_112.944702,391,China,stp_plants,validation
USA,34.366993_108.910052,394,China,stp_plants,validation
USA,28.604040_77.325318,402,India,stp_plants,validation
USA,12.939611_77.659264,403,India,stp_plants,validation
USA,28.547100_77.283500,411,India,stp_plants,validation
USA,28.671236_77.049608,416,India,stp_plants,validation
USA,27.645550_113.902126,447,China,iron_still_plant,validation
USA,41.173613_122.945501,450,China,iron_still_plant,validation
USA,31.435149_107.685981,453,China,iron_still_plant,validation
USA,38.970638_117.495794,461,China,iron_still_plant,validation
USA,37.075017_111.985148,465,China,iron_still_plant,validation
USA,32.127263_112.715688,471,China,iron_still_plant,validation
USA,23.088182_109.634638,476,China,iron_still_plant,validation
USA,31.246635_119.120443,483,China,iron_still_plant,validation
USA,41.191380_122.877311,487,China,iron_still_plant,validation
USA,39.748373_118.624794,492,China,iron_still_plant,validation
USA,29.397980_103.542532,494,China,iron_still_plant,validation
USA,39.222566_118.094201,503,China,iron_still_plant,validation
USA,36.733675_113.925995,507,China,iron_still_plant,validation
USA,36.221410_117.627728,515,China,iron_still_plant,validation
USA,37.370796_111.161118,519,China,iron_still_plant,validation
USA,37.086116_114.384832,524,China,iron_still_plant,validation
USA,21.960920_113.198718,529,China,iron_still_plant,validation
USA,21.190313_81.199220,533,India,iron_still_plant,validation
USA,21.983709_83.238133,537,India,iron_still_plant,validation
USA,23.613861_86.789527,548,India,iron_still_plant,validation
USA,21.928511_85.223988,550,India,iron_still_plant,validation
USA,24.145239_86.334999,556,India,iron_still_plant,validation
USA,23.112781_70.086688,558,India,iron_still_plant,validation
USA,34.286581_120.270733,564,China,lng_terminals,validation
USA,30.681206_121.246827,569,China,lng_terminals,validation
USA,19.977562_110.057687,577,China,lng_terminals,validation
USA,19.460188_108.899942,582,China,nuclear_plants,validation
USA,34.362449_108.760541,614,China,oil_refineries,validation
USA,25.034075_121.308367,621,China,oil_refineries,validation
USA,41.051630_120.982510,626,China,oil_refineries,validation
USA,29.740461_116.066279,627,China,oil_refineries,validation
USA,40.735074_120.827047,631,China,oil_refineries,validation
USA,24.911964_102.374498,637,China,oil_refineries,validation
USA,21.766826_108.598460,640,China,oil_refineries,validation
USA,43.867602_87.374837,647,China,oil_refineries,validation
USA,22.815800_69.528100,695,India,power_plants,validation
USA,23.977523_82.626473,697,India,power_plants,validation
USA,31.528564_120.329457,702,China,stp_plants,validation
USA,30.336128_112.143048,707,China,stp_plants,validation
USA,23.083456_112.519960,712,China,stp_plants,validation
USA,28.729298_115.873253,717,China,stp_plants,validation
USA,26.053304_119.364520,720,China,stp_plants,validation
USA,35.701082_114.566981,725,China,stp_plants,validation
USA,22.981652_72.527719,734,India,stp_plants,validation
USA,31.148446_-87.990521,31,USA,iron_still_plant,test
USA,35.941421_-89.713819,32,USA,iron_still_plant,test
USA,40.395140_-79.859645,33,USA,iron_still_plant,test
USA,41.121613_-85.348602,34,USA,iron_still_plant,test
USA,36.353006_-76.811471,35,USA,iron_still_plant,test
USA,38.225770_-104.607895,36,USA,iron_still_plant,test
USA,41.620799_-87.348266,37,USA,iron_still_plant,test
USA,41.785971_-89.710947,38,USA,iron_still_plant,test
USA,41.568783_-84.048129,39,USA,iron_still_plant,test
USA,35.901162_-89.776190,40,USA,iron_still_plant,test
USA,30.941783_-88.012437,41,USA,iron_still_plant,test
USA,39.488589_-84.386197,42,USA,iron_still_plant,test
USA,33.004319_-79.880955,43,USA,iron_still_plant,test
USA,33.480697_-86.937854,44,USA,iron_still_plant,test
USA,34.639630_-87.085738,45,USA,iron_still_plant,test
USA,40.314891_-80.605553,46,USA,iron_still_plant,test
USA,41.631221_-87.143846,47,USA,iron_still_plant,test
USA,38.759878_-84.996204,48,USA,iron_still_plant,test
USA,41.464041_-81.676499,49,USA,iron_still_plant,test
USA,32.457544_-97.034246,50,USA,iron_still_plant,test
USA,35.644264_-89.941659,51,USA,iron_still_plant,test
USA,41.370640_-84.917454,52,USA,iron_still_plant,test
USA,33.447580_-88.572683,53,USA,iron_still_plant,test
USA,41.669553_-87.438429,54,USA,iron_still_plant,test
USA,39.976379_-86.830727,55,USA,iron_still_plant,test
USA,33.234761_-87.508498,56,USA,iron_still_plant,test
USA,41.482009_-90.820921,57,USA,iron_still_plant,test
USA,38.725418_-85.076015,58,USA,iron_still_plant,test
USA,27.811200_-97.398500,79,USA,lng_terminals,test
USA,60.679400_-151.388300,80,USA,lng_terminals,test
USA,42.392300_-71.058800,81,USA,lng_terminals,test
USA,28.932000_-95.317300,82,USA,lng_terminals,test
USA,29.600400_-89.886400,83,USA,lng_terminals,test
USA,32.091100_-81.000200,84,USA,lng_terminals,test
USA,29.750900_-93.872400,85,USA,lng_terminals,test
USA,30.112300_-93.287900,86,USA,lng_terminals,test
USA,38.385400_-76.409800,87,USA,lng_terminals,test
USA,30.322300_-88.503600,88,USA,lng_terminals,test
USA,30.043200_-93.336600,89,USA,lng_terminals,test
USA,29.774200_-93.323900,90,USA,lng_terminals,test
USA,40.226300_-75.587600,109,USA,nuclear_plants,test
USA,46.471100_-119.333600,110,USA,nuclear_plants,test
USA,29.995300_-90.472200,111,USA,nuclear_plants,test
USA,44.621900_-92.633100,112,USA,nuclear_plants,test
USA,35.433100_-80.948600,113,USA,nuclear_plants,test
USA,41.243900_-88.671100,114,USA,nuclear_plants,test
USA,39.758900_-76.268900,115,USA,nuclear_plants,test
USA,40.154000_-76.724900,116,USA,nuclear_plants,test
USA,35.226100_-85.087800,117,USA,nuclear_plants,test
USA,33.141700_-81.764700,118,USA,nuclear_plants,test
USA,44.281400_-87.537600,119,USA,nuclear_plants,test
USA,41.092400_-76.148000,120,USA,nuclear_plants,test
USA,32.006400_-91.047200,121,USA,nuclear_plants,test
USA,35.211700_-120.855800,122,USA,nuclear_plants,test
USA,33.388000_-112.861700,123,USA,nuclear_plants,test
USA,41.243400_-88.229700,124,USA,nuclear_plants,test
USA,34.704900_-87.118900,125,USA,nuclear_plants,test
USA,34.793800_-82.897100,126,USA,nuclear_plants,test
USA,35.051900_-81.070800,127,USA,nuclear_plants,test
USA,43.520600_-76.407800,128,USA,nuclear_plants,test
USA,30.757500_-91.331400,129,USA,nuclear_plants,test
USA,38.431900_-76.441900,130,USA,nuclear_plants,test
USA,28.795400_-96.047900,131,USA,nuclear_plants,test
USA,35.603300_-84.786900,132,USA,nuclear_plants,test
USA,29.985278_-90.392778,180,USA,oil_refineries,test
USA,29.957935_-93.897484,181,USA,oil_refineries,test
USA,48.884000_-122.735000,182,USA,oil_refineries,test
USA,29.070847_-95.750363,183,USA,oil_refineries,test
USA,27.832011_-97.525582,184,USA,oil_refineries,test
USA,41.421111_-88.191944,185,USA,oil_refineries,test
USA,30.061320_-90.593530,186,USA,oil_refineries,test
USA,38.840401_-90.070774,187,USA,oil_refineries,test
USA,33.908200_-118.408500,188,USA,oil_refineries,test
USA,30.484917_-91.173920,189,USA,oil_refineries,test
USA,29.868333_-93.968333,190,USA,oil_refineries,test
USA,38.377246_-82.597162,191,USA,oil_refineries,test
USA,30.181490_-93.324051,192,USA,oil_refineries,test
USA,36.682100_-97.089500,193,USA,oil_refineries,test
USA,41.663055_-87.479643,194,USA,oil_refineries,test
USA,29.374444_-94.925000,195,USA,oil_refineries,test
USA,33.813230_-118.242980,196,USA,oil_refineries,test
USA,40.636500_-74.219900,197,USA,oil_refineries,test
USA,29.739444_-95.006944,198,USA,oil_refineries,test
USA,30.242155_-93.274386,199,USA,oil_refineries,test
USA,30.343733_-88.493800,200,USA,oil_refineries,test
USA,29.369167_-94.911111,201,USA,oil_refineries,test
USA,30.065833_-94.071388,202,USA,oil_refineries,test
USA,30.001107_-90.402221,203,USA,oil_refineries,test
USA,29.891073_-93.949641,204,USA,oil_refineries,test
USA,44.764434_-93.039484,205,USA,oil_refineries,test
USA,29.722222_-95.126944,206,USA,oil_refineries,test
USA,38.998676_-87.724781,207,USA,oil_refineries,test
USA,37.938779_-122.396453,208,USA,oil_refineries,test
USA,27.810775_-97.436658,209,USA,oil_refineries,test
USA,39.452500_-94.976390,341,USA,power_plants,test
USA,33.062590_-83.803880,342,USA,power_plants,test
USA,35.761610_-95.287460,343,USA,power_plants,test
USA,31.423330_-96.251390,344,USA,power_plants,test
USA,38.935830_-82.116670,345,USA,power_plants,test
USA,39.200830_-79.262780,346,USA,power_plants,test
USA,30.726670_-91.366940,347,USA,power_plants,test
USA,40.530000_-80.630830,348,USA,power_plants,test
USA,39.383890_-80.331110,349,USA,power_plants,test
USA,45.883610_-106.614170,350,USA,power_plants,test
USA,33.242790_-86.461120,351,USA,power_plants,test
USA,33.631940_-87.060560,352,USA,power_plants,test
USA,40.095560_-76.696940,353,USA,power_plants,test
USA,31.006110_-88.011110,354,USA,power_plants,test
USA,38.050000_-85.910000,355,USA,power_plants,test
USA,40.384720_-79.063610,356,USA,power_plants,test
USA,42.773890_-82.495000,357,USA,power_plants,test
USA,39.286110_-96.116940,358,USA,power_plants,test
USA,34.123060_-84.920280,359,USA,power_plants,test
USA,32.261670_-94.564720,360,USA,power_plants,test
USA,36.314720_-86.400280,361,USA,power_plants,test
USA,37.925560_-87.033890,362,USA,power_plants,test
USA,36.478830_-79.070890,363,USA,power_plants,test
USA,27.795830_-82.403610,364,USA,power_plants,test
USA,38.474720_-81.821110,365,USA,power_plants,test
USA,35.677220_-91.409720,366,USA,power_plants,test
USA,40.659720_-79.341110,367,USA,power_plants,test
USA,36.685560_-108.481670,368,USA,power_plants,test
USA,35.597500_-80.964720,369,USA,power_plants,test
USA,39.504720_-112.570280,370,USA,power_plants,test
USA,36.391390_-87.654720,371,USA,power_plants,test
USA,38.527500_-87.253890,372,USA,power_plants,test
USA,38.371940_-87.767220,373,USA,power_plants,test
USA,38.754170_-85.021390,374,USA,power_plants,test
USA,45.378700_-93.896600,375,USA,power_plants,test
USA,33.369170_-80.114170,376,USA,power_plants,test
USA,41.889170_-83.345560,377,USA,power_plants,test
USA,38.204530_-89.855980,378,USA,power_plants,test
USA,42.107220_-104.887220,379,USA,power_plants,test
USA,29.916670_-96.751670,380,USA,power_plants,test
USA,36.281390_-80.060280,381,USA,power_plants,test
USA,38.562220_-90.837780,382,USA,power_plants,test
USA,40.590188_-73.933138,417,USA,stp_plants,test
USA,40.641717_-74.033621,418,USA,stp_plants,test
USA,37.431962_-121.948099,419,USA,stp_plants,test
USA,33.690617_-117.940611,420,USA,stp_plants,test
USA,42.350000_-70.958969,421,USA,stp_plants,test
USA,32.678772_-117.246443,422,USA,stp_plants,test
USA,39.811005_-104.955339,423,USA,stp_plants,test
USA,40.662531_-73.809214,424,USA,stp_plants,test
USA,39.987798_-75.082216,425,USA,stp_plants,test
USA,41.815981_-87.765514,426,USA,stp_plants,test
USA,40.733880_-73.946585,427,USA,stp_plants,test
USA,39.112739_-84.546626,428,USA,stp_plants,test
USA,40.825404_-73.956634,429,USA,stp_plants,test
USA,40.803664_-73.882763,430,USA,stp_plants,test
USA,41.426748_-81.650773,431,USA,stp_plants,test
USA,39.886823_-75.222583,432,USA,stp_plants,test
USA,40.651452_-73.878863,433,USA,stp_plants,test
USA,42.286374_-83.126468,434,USA,stp_plants,test
USA,38.451313_-121.469330,435,USA,stp_plants,test
USA,33.802890_-118.281945,436,USA,stp_plants,test
USA,33.925161_-118.430240,437,USA,stp_plants,test
USA,40.794822_-73.839051,438,USA,stp_plants,test
USA,38.815179_-77.023237,439,USA,stp_plants,test
USA,33.639607_-117.958075,440,USA,stp_plants,test
USA,40.788062_-73.921951,441,USA,stp_plants,test
USA,29.760000_-93.920000,579,USA,lng_terminals,test
USA,38.239300_-95.689800,584,USA,nuclear_plants,test
USA,41.390100_-88.270100,585,USA,nuclear_plants,test
USA,32.298300_-97.785000,586,USA,nuclear_plants,test
USA,43.277700_-77.309900,587,USA,nuclear_plants,test
USA,38.758900_-91.778800,588,USA,nuclear_plants,test
USA,35.311000_-93.235100,589,USA,nuclear_plants,test
USA,31.223100_-85.111600,590,USA,nuclear_plants,test
USA,41.800600_-81.143900,591,USA,nuclear_plants,test
USA,38.060100_-77.789700,592,USA,nuclear_plants,test
USA,27.348600_-80.246400,593,USA,nuclear_plants,test
USA,39.462500_-75.535800,594,USA,nuclear_plants,test
USA,33.959700_-78.011400,595,USA,nuclear_plants,test
USA,40.171900_-88.833900,596,USA,nuclear_plants,test
USA,31.934200_-82.344700,597,USA,nuclear_plants,test
USA,35.633400_-78.955600,598,USA,nuclear_plants,test
USA,40.621900_-80.433600,599,USA,nuclear_plants,test
USA,41.962780_-83.257500,600,USA,nuclear_plants,test
USA,41.726100_-90.310300,601,USA,nuclear_plants,test
USA,37.165600_-76.698300,602,USA,nuclear_plants,test
USA,45.333800_-93.849300,603,USA,nuclear_plants,test
USA,41.310700_-72.167700,604,USA,nuclear_plants,test
USA,25.434480_-80.332400,605,USA,nuclear_plants,test
USA,42.899200_-70.848900,606,USA,nuclear_plants,test
USA,41.596700_-83.086100,607,USA,nuclear_plants,test
USA,34.298300_-81.315300,608,USA,nuclear_plants,test
USA,42.074200_-89.281900,609,USA,nuclear_plants,test
USA,40.362800_-95.640800,610,USA,nuclear_plants,test
USA,34.401700_-80.158900,611,USA,nuclear_plants,test
USA,41.780163_-107.109511,654,USA,oil_refineries,test
USA,43.848521_-104.213903,655,USA,oil_refineries,test
USA,29.684405_-89.979839,656,USA,oil_refineries,test
USA,36.116749_-95.999949,657,USA,oil_refineries,test
USA,47.255786_-122.397126,658,USA,oil_refineries,test
USA,41.655625_-88.046550,659,USA,oil_refineries,test
USA,41.127132_-104.789750,660,USA,oil_refineries,test
USA,31.767512_-106.395613,661,USA,oil_refineries,test
USA,46.849832_-100.883767,662,USA,oil_refineries,test
USA,40.715965_-84.124640,663,USA,oil_refineries,test
USA,37.797473_-96.872662,664,USA,oil_refineries,test
USA,21.309493_-158.110927,665,USA,oil_refineries,test
USA,33.853208_-118.332317,666,USA,oil_refineries,test
USA,37.906028_-87.928877,667,USA,oil_refineries,test
USA,32.844821_-104.390979,668,USA,oil_refineries,test
USA,32.798531_-93.411128,669,USA,oil_refineries,test
USA,28.459210_-98.188265,670,USA,oil_refineries,test
USA,38.072007_-122.138319,671,USA,oil_refineries,test
USA,44.851007_-92.994345,672,USA,oil_refineries,test
USA,46.690572_-92.067312,673,USA,oil_refineries,test
USA,40.610826_-80.629399,674,USA,oil_refineries,test
USA,18.416245_-66.133120,675,USA,oil_refineries,test
USA,32.360432_-95.281964,676,USA,oil_refineries,test
USA,38.043474_-122.255632,677,USA,oil_refineries,test
USA,39.587733_-75.631323,678,USA,oil_refineries,test
USA,30.132389_-93.320068,679,USA,oil_refineries,test
USA,35.488468_-108.427359,680,USA,oil_refineries,test
USA,40.792315_-111.905455,681,USA,oil_refineries,test
USA,34.204400_-97.101794,682,USA,oil_refineries,test
USA,29.998606_-93.984414,683,USA,oil_refineries,test
USA,46.855395_-102.911365,684,USA,oil_refineries,test
USA,30.526508_-91.748001,685,USA,oil_refineries,test
USA,36.139133_-96.022697,686,USA,oil_refineries,test
USA,48.830501_-122.696618,687,USA,oil_refineries,test
USA,41.628890_-83.504920,688,USA,oil_refineries,test
USA,35.955630_-101.880991,689,USA,oil_refineries,test
USA,32.270992_-101.415073,690,USA,oil_refineries,test
USA,27.816758_-97.484505,691,USA,oil_refineries,test
USA,29.823380_-95.113566,692,USA,oil_refineries,test
USA,47.523212_-111.295316,693,USA,oil_refineries,test
USA,39.347560_-84.590270,735,USA,stp_plants,test
USA,26.304794_-98.219196,736,USA,stp_plants,test
USA,29.933014_-95.282457,737,USA,stp_plants,test
USA,42.527857_-70.876174,738,USA,stp_plants,test
USA,33.678256_-84.634493,739,USA,stp_plants,test
USA,34.908944_-88.513806,740,USA,stp_plants,test
USA,31.884448_-81.607261,741,USA,stp_plants,test
USA,29.546333_-95.312972,742,USA,stp_plants,test
USA,39.007030_-84.841210,743,USA,stp_plants,test
USA,26.261586_-80.152722,744,USA,stp_plants,test
USA,29.417167_-94.896306,745,USA,stp_plants,test
USA,46.313889_-120.017502,746,USA,stp_plants,test
USA,40.674306_-73.342389,747,USA,stp_plants,test
USA,37.825537_-122.295165,748,USA,stp_plants,test
USA,39.770694_-86.232306,749,USA,stp_plants,test
USA,29.598580_-95.207732,750,USA,stp_plants,test
USA,29.630278_-90.733611,751,USA,stp_plants,test
USA,43.023000_-87.898000,752,USA,stp_plants,test
USA,26.293306_-98.137750,753,USA,stp_plants,test
USA,39.911623_-83.017403,754,USA,stp_plants,test
USA,42.677222_-73.730722,755,USA,stp_plants,test
USA,30.603333_-87.267500,756,USA,stp_plants,test
USA,39.842250_-86.408250,757,USA,stp_plants,test
USA,38.688645_-76.996768,758,USA,stp_plants,test
USA,37.651865_-77.313301,759,USA,stp_plants,test
USA,27.449611_-99.493694,760,USA,stp_plants,test
USA,30.035341_-94.133575,761,USA,stp_plants,test
USA,34.102722_-84.447972,762,USA,stp_plants,test
USA,40.039444_-86.025000,763,USA,stp_plants,test
USA,29.962417_-95.357139,764,USA,stp_plants,test
USA,39.371950_-84.568850,765,USA,stp_plants,test
USA,40.112694_-85.717389,766,USA,stp_plants,test
USA,34.551760_-92.593494,767,USA,stp_plants,test
USA,37.966333_-87.617667,768,USA,stp_plants,test
USA,42.921000_-74.166500,769,USA,stp_plants,test
USA,28.752361_-97.006583,770,USA,stp_plants,test
USA,38.286694_-85.743750,771,USA,stp_plants,test
USA,25.897222_-97.468778,772,USA,stp_plants,test
USA,42.084722_-76.091111,773,USA,stp_plants,test
USA,39.627306_-85.141694,774,USA,stp_plants,test
USA,33.228888_-96.559722,775,USA,stp_plants,test
USA,29.968166_-97.833019,776,USA,stp_plants,test
USA,43.054472_-76.008250,777,USA,stp_plants,test
USA,25.954014_-97.453935,778,USA,stp_plants,test
USA,37.941972_-87.349056,779,USA,stp_plants,test
USA,40.337513_-76.462151,780,USA,stp_plants,test
USA,40.652306_-73.506472,781,USA,stp_plants,test
USA,39.725410_-84.230070,782,USA,stp_plants,test
USA,40.620028_-75.336528,783,USA,stp_plants,test
USA,34.227167_-88.699778,784,USA,stp_plants,test
USA,32.996537_-97.032517,785,USA,stp_plants,test
USA,41.556810_-83.650150,786,USA,stp_plants,test
USA,29.629134_-95.409126,787,USA,stp_plants,test
USA,35.306944_-81.134444,788,USA,stp_plants,test
USA,38.578844_-77.109476,789,USA,stp_plants,test
USA,32.971944_-96.547222,790,USA,stp_plants,test
USA,29.844961_-95.463295,791,USA,stp_plants,test
USA,29.669688_-95.543019,792,USA,stp_plants,test
USA,38.956444_-85.930833,793,USA,stp_plants,test
USA,35.625085_-106.089213,794,USA,stp_plants,test
USA,18.129407_-65.790717,795,USA,stp_plants,test
USA,41.079611_-85.104389,796,USA,stp_plants,test
USA,43.989639_-75.928639,797,USA,stp_plants,test
USA,29.898700_-90.168044,798,USA,stp_plants,test
USA,29.365531_-95.234120,799,USA,stp_plants,test
