country,industry,center_latitude,center_longitude,top_left_latitude,top_left_longitude,top_right_latitude,top_right_longitude,bottom_left_latitude,bottom_left_longitude,bottom_right_latitude,bottom_right_longitude
India,Iron and steel plants,22.21446,84.87262,22.22462924,84.86163318,22.22462924,84.88360584,22.20428750,84.86163318,22.20428750,84.88360584
India,Iron and steel plants,21.10986,72.64373,21.12010835,72.63274491,21.12010835,72.65471756,21.09961024,72.63274491,21.09961024,72.65471756
India,Iron and steel plants,20.99864,86.0191,21.00889622,86.00811124,21.00889622,86.03008389,20.98838279,86.00811124,20.98838279,86.03008389
India,Iron and steel plants,20.87537,84.98724,20.88563309,84.97625470,20.88563309,84.99822736,20.86510277,84.97625470,20.86510277,84.99822736
India,Iron and steel plants,20.9448,86.05813,20.95506250,86.04714274,20.95506250,86.06911540,20.93454168,86.04714274,20.93454168,86.06911540
India,Iron and steel plants,23.53646,87.25865,23.54653026,87.24766195,23.54653026,87.26963460,23.52638559,87.24766195,23.52638559,87.26963460
India,Iron and steel plants,15.18179,76.6694,15.19239212,76.65841341,15.19239212,76.68038607,15.17118631,76.65841341,15.17118631,76.68038607
India,Iron and steel plants,18.68975,73.04012,18.70015538,73.02913249,18.70015538,73.05110514,18.67934139,73.02913249,18.67934139,73.05110514
India,Iron and steel plants,23.67051,86.9252,23.68057385,86.91421509,23.68057385,86.93618774,23.66044977,86.91421509,23.66044977,86.93618774
India,Iron and steel plants,21.92753,83.34787,21.93772133,83.33688319,21.93772133,83.35885584,21.91733824,83.33688319,21.91733824,83.35885584
India,Iron and steel plants,15.16004,76.71193,15.17064268,76.70094252,15.17064268,76.72291517,15.14943469,76.70094252,15.14943469,76.72291517
India,Iron and steel plants,21.18438,81.39096,21.19462529,81.37997568,21.19462529,81.40194833,21.17413750,81.37997568,21.17413750,81.40194833
India,Iron and steel plants,13.83117,75.70601,13.84183539,75.69502294,13.84183539,75.71699560,13.82049985,75.69502294,13.82049985,75.71699560
India,Iron and steel plants,17.61883,83.19388,17.62929868,83.18289220,17.62929868,83.20486486,17.60835673,83.18289220,17.60835673,83.20486486
India,Iron and steel plants,22.78504,86.19947,22.79516835,86.18848443,22.79516835,86.21045709,22.77491035,86.18848443,22.77491035,86.21045709
India,Iron and steel plants,23.68529,86.1021,23.69535050,86.09111488,23.69535050,86.11308753,23.67522870,86.09111488,23.67522870,86.11308753
India,Iron and steel plants,20.97105,86.00976,20.98131062,85.99877179,20.98131062,86.02074444,20.96079340,85.99877179,20.96079340,86.02074444
India,Iron and steel plants,11.6551,78.03196,11.66585934,78.02097559,11.66585934,78.04294825,11.64433973,78.02097559,11.64433973,78.04294825
India,Iron and steel plants,21.1903130,81.1992200,21.20055702,81.18823528,21.20055702,81.21020794,21.18007005,81.18823528,21.18007005,81.21020794
India,Iron and steel plants,21.2329290,79.6323980,21.24316742,79.62141216,21.24316742,79.64338481,21.22268636,79.62141216,21.22268636,79.64338481
India,Iron and steel plants,14.1529120,76.6658240,14.16356704,76.65483534,14.16356704,76.67680800,14.14226133,76.65483534,14.14226133,76.67680800
India,Iron and steel plants,21.8397590,83.9822270,21.84995777,83.97124171,21.84995777,83.99321437,21.82956214,83.97124171,21.82956214,83.99321437
India,Iron and steel plants,21.9837090,83.2381330,21.99389405,83.22714865,21.99389405,83.24912131,21.97351902,83.22714865,21.97351902,83.24912131
India,Iron and steel plants,14.8734710,78.0484250,14.88408896,78.03743899,14.88408896,78.05941164,14.86285250,78.03743899,14.86285250,78.05941164
India,Iron and steel plants,23.6937490,87.1227110,23.70380899,87.11172223,23.70380899,87.13369489,23.68368848,87.11172223,23.68368848,87.13369489
India,Iron and steel plants,21.679216285413556, 84.04144866315421,21.68942305,84.03046489,21.68942305,84.05243754,21.66900459,84.03046489,21.66900459,84.05243754
India,Iron and steel plants,20.796226913240545, 85.25665353897682,20.80649875,85.24566650,20.80649875,85.26763916,20.78595763,85.24566650,20.78595763,85.26763916
India,Iron and steel plants,21.4861900,81.7716970,21.49641430,81.76070988,21.49641430,81.78268254,21.47596861,81.76070988,21.47596861,81.78268254
India,Iron and steel plants,22.8748630,86.0636460,22.88498737,86.05265737,22.88498737,86.07463002,22.86474273,86.05265737,22.86474273,86.07463002
India,Iron and steel plants,23.63384007185812, 86.30215197363401,23.64390502,86.29116476,23.64390502,86.31313741,23.62377530,86.29116476,23.62377530,86.31313741
India,Iron and steel plants,26.7570090,83.1990860,26.76682073,83.18810105,26.76682073,83.21007371,26.74720082,83.18810105,26.74720082,83.21007371
India,Iron and steel plants,13.7171880,79.6305880,13.72785825,79.61960435,13.72785825,79.64157701,13.70651229,79.61960435,13.70651229,79.64157701
India,Iron and steel plants,11.814754408442083, 77.91804927398347,11.82550711,77.90706217,11.82550711,77.92903483,11.80399995,77.90706217,11.80399995,77.92903483
India,Iron and steel plants,23.6138610,86.7895270,23.62392766,86.77853823,23.62392766,86.80051088,23.60379486,86.77853823,23.60379486,86.80051088
India,Iron and steel plants,23.4874390,87.3694940,23.49751570,87.35850692,23.49751570,87.38047957,23.47736354,87.35850692,23.47736354,87.38047957
India,Iron and steel plants,21.9285110,85.2239880,21.93870160,85.21300256,21.93870160,85.23497522,21.91831865,85.21300256,21.91831865,85.23497522
India,Iron and steel plants,15.33402463080139, 76.28725237480418,15.34462182,76.27626836,15.34462182,76.29824102,15.32343138,76.27626836,15.32343138,76.29824102
India,Iron and steel plants,15.3390550,76.2516960,15.34965010,76.24070764,15.34965010,76.26268029,15.32846017,76.24070764,15.32846017,76.26268029
India,Iron and steel plants,18.5308530,72.9470910,18.54126730,72.93610275,18.54126730,72.95807540,18.52043387,72.93610275,18.52043387,72.95807540
India,Iron and steel plants,21.3544950,81.6764440,21.36472503,81.66545928,21.36472503,81.68743193,21.34426090,81.66545928,21.34426090,81.68743193
India,Iron and steel plants,22.3642580,87.3090470,22.37441942,87.29806066,22.37441942,87.32003331,22.35409947,87.29806066,22.35409947,87.32003331
India,Iron and steel plants,24.1452390,86.3349990,24.15526578,86.32401109,24.15526578,86.34598374,24.13521548,86.32401109,24.13521548,86.34598374
India,Iron and steel plants,22.3783550,87.2817730,22.38851167,87.27078795,22.38851167,87.29276061,22.36819377,87.27078795,22.36819377,87.29276061
India,Iron and steel plants,23.1127810,70.0866885,23.12288679,70.07570386,23.12288679,70.09767652,23.10267779,70.07570386,23.10267779,70.09767652
India,Iron and steel plants,23.5075390,87.2779140,23.51761560,87.26692557,23.51761560,87.28889823,23.49746651,87.26692557,23.49746651,87.28889823
India,Iron and steel plants,29.1272530,75.7730750,29.13684988,75.76208889,29.13684988,75.78406155,29.11765587,75.76208889,29.11765587,75.78406155
India,Iron and steel plants,22.5883590,85.9057240,22.59850039,85.89473963,22.59850039,85.91671228,22.57821330,85.89473963,22.57821330,85.91671228
India,Iron and steel plants,19.0931901,82.1700000,19.10357222,82.15901256,19.10357222,82.18098521,19.08280832,82.15901256,19.08280832,82.18098521
India,LNG terminals,9.9787,76.2261,9.98951872,76.21511400,9.98951872,76.23708665,9.96787846,76.21511400,9.96787846,76.23708665
India,LNG terminals,21.6746,72.536,21.68480722,72.52501130,21.68480722,72.54698396,21.66438811,72.52501130,21.66438811,72.54698396
India,LNG terminals,20.726656,70.739765,20.73693051,70.72877884,20.73693051,70.75075150,20.71637993,70.72877884,20.71637993,70.75075150
India,LNG terminals,13.29032,80.342932,13.30101234,80.33194542,13.30101234,80.35391808,13.27962816,80.33194542,13.27962816,80.35391808
India,LNG terminals,21.097433,72.623663,21.10768271,72.61267662,21.10768271,72.63464928,21.08718289,72.61267662,21.08718289,72.63464928
India,LNG terminals,17.3,73.2,17.31049064,73.18901360,17.31049064,73.21098626,17.28951201,73.18901360,17.28951201,73.21098626
India,LNG terminals,17.54,73.16,17.55047766,73.14901114,17.55047766,73.17098379,17.52952659,73.14901114,17.52952659,73.17098379
India,LNG terminals,22.7376,69.6663,22.74773339,69.65531588,22.74773339,69.67728853,22.72746834,69.65531588,22.72746834,69.67728853
India,Nuclear power plant,21.2365,73.3536,21.24674232,73.34261298,21.24674232,73.36458564,21.22626175,73.34261298,21.22626175,73.36458564
India,Nuclear power plant,8.1691,77.7133,8.17997236,77.70231307,8.17997236,77.72428572,8.15822266,77.70231307,8.15822266,77.72428572
India,Nuclear power plant,14.865,74.4385,14.87561744,74.42751288,14.87561744,74.44948554,14.85438015,74.42751288,14.85438015,74.44948554
India,Nuclear power plant,19.8294,72.6617,19.83973618,72.65071571,19.83973618,72.67268836,19.81906635,72.65071571,19.81906635,72.67268836
India,Nuclear power plant,12.5574,80.1758,12.56812480,80.16481161,12.56812480,80.18678427,12.54667776,80.16481161,12.54667776,80.18678427
India,Nuclear power plant,24.8747,75.6189,24.88466515,75.60791552,24.88466515,75.62988818,24.86473090,75.60791552,24.86473090,75.62988818
India,Nuclear power plant,28.155,78.405,28.16468515,78.39401186,28.16468515,78.41598451,28.14531243,78.39401186,28.14531243,78.41598451
India,Oil refineries,25.95722,72.18391,25.96709752,72.17292309,25.96709752,72.19489574,25.94734144,72.17292309,25.94734144,72.19489574
India,Oil refineries,17.70577,83.23982,17.71623590,83.22883308,17.71623590,83.25080574,17.69530407,83.22883308,17.69530407,83.25080574
India,Oil refineries,12.9858,74.84424,12.99650307,74.83325601,12.99650307,74.85522866,12.97509234,74.83325601,12.97509234,74.85522866
India,Oil refineries,19.01265,72.90352,19.02303678,72.89253294,19.02303678,72.91450560,19.00226281,72.89253294,19.00226281,72.91450560
India,Oil refineries,16.50151,81.89569,16.51204441,81.88470304,16.51204441,81.90667570,16.49097676,81.88470304,16.49097676,81.90667570
India,Oil refineries,9.96946,76.37252,9.98027846,76.36153579,9.98027846,76.38350844,9.95863759,76.36153579,9.95863759,76.38350844
India,Oil refineries,25.43136,86.06011,25.44128366,86.04912221,25.44128366,86.07109487,25.42144015,86.04912221,25.42144015,86.07109487
India,Oil refineries,10.8267,79.80999,10.83748939,79.79900122,10.83748939,79.82097387,10.81590785,79.79900122,10.81590785,79.82097387
India,Oil refineries,29.45248,76.86889,29.46204744,76.85790539,29.46204744,76.87987804,29.44291444,76.85790539,29.44291444,76.87987804
India,Oil refineries,20.26151,86.60478,20.27181385,86.59379303,20.27181385,86.61576569,20.25120082,86.59379303,20.25120082,86.61576569
India,Oil refineries,22.33679,69.86658,22.34695007,69.85559106,22.34695007,69.87756371,22.32662611,69.85559106,22.32662611,69.87756371
India,Oil refineries,26.58241,93.78721,26.59223524,93.77622306,26.59223524,93.79819572,26.57258528,93.77622306,26.57258528,93.79819572
India,Oil refineries,22.04286,88.105,22.05304265,88.09401155,22.05304265,88.11598420,22.03267613,88.09401155,22.03267613,88.11598420
India,Oil refineries,29.91817,74.95224,29.92768988,74.94125247,29.92768988,74.96322513,29.90864533,74.94125247,29.90864533,74.96322513
India,Oil refineries,26.51946,90.53144,26.52929166,90.52045584,26.52929166,90.54242849,26.50963091,90.52045584,26.50963091,90.54242849
India,Oil refineries,22.362,69.905,22.37215738,69.89401102,22.37215738,69.91598368,22.35183710,69.89401102,22.35183710,69.91598368
India,Oil refineries,19.01637,72.89415,19.02675412,72.88316131,19.02675412,72.90513396,19.00598061,72.88316131,19.00598061,72.90513396
India,Oil refineries,13.17411,80.27494,13.18480720,80.26395142,13.18480720,80.28592408,13.16341282,80.26395142,13.16341282,80.28592408
India,Oil refineries,22.32973,69.74436,22.33989458,69.73337352,22.33989458,69.75534618,22.31956959,69.73337352,22.31956959,69.75534618
India,Oil refineries,27.38111,77.68618,27.39086384,77.67519593,27.39086384,77.69716859,27.37135285,77.67519593,27.37135285,77.69716859
India,Oil refineries,27.39012,95.61935,27.39987508,95.60836494,27.39987508,95.63033760,27.38036568,95.60836494,27.38036568,95.63033760
India,Oil refineries,22.37931,73.11872,22.38946896,73.10773194,22.38946896,73.12970459,22.36915120,73.10773194,22.36915120,73.12970459
India,Oil refineries,24.25171,78.16184,24.26172531,78.15085351,24.26172531,78.17282617,24.24169174,78.15085351,24.24169174,78.17282617
India,Oil refineries,26.18497,91.80928,26.19482854,91.79829240,26.19482854,91.82026505,26.17511085,91.79829240,26.17511085,91.82026505
India,Power plants,21.080546,77.899761,21.09079659,77.88877487,21.09079659,77.91074753,21.07029443,77.88877487,21.07029443,77.91074753
India,Power plants,16.294139,77.355852,16.30468374,77.34486580,16.30468374,77.36683846,16.28359364,77.34486580,16.28359364,77.36683846
India,Power plants,21.996332,82.670092,22.00651755,82.65910506,22.00651755,82.68107772,21.98614433,82.65910506,21.98614433,82.68107772
India,Power plants,20.810394,79.053632,20.82066427,79.04264510,20.82066427,79.06461775,20.80012509,79.04264510,20.80012509,79.06461775
India,Power plants,20.714478,76.795544,20.72475402,76.78455770,20.72475402,76.80653036,20.70420180,76.78455770,20.70420180,76.80653036
India,Power plants,21.686272,72.583894,21.69648110,72.57291019,21.69648110,72.59488285,21.67606364,72.57291019,21.67606364,72.59488285
India,Power plants,21.126354,84.984298,21.13660086,84.97330964,21.13660086,84.99528229,21.11610503,84.97330964,21.11610503,84.99528229
India,Power plants,18.773083,82.912495,18.78348220,82.90150702,18.78348220,82.92347968,18.76267848,82.90150702,18.76267848,82.92347968
India,Power plants,21.036851,78.935301,21.04710598,78.92431676,21.04710598,78.94628942,21.02659781,78.92431676,21.02659781,78.94628942
India,Power plants,16.715256,79.692881,16.72577947,79.68189597,16.72577947,79.70386863,16.70473525,79.68189597,16.70473525,79.70386863
India,Power plants,20.271546,78.979132,20.28185265,78.96814406,20.28185265,78.99011672,20.26124095,78.96814406,20.26124095,78.99011672
India,Power plants,13.159182,74.801536,13.16987938,74.79054987,13.16987938,74.81252253,13.14848370,74.79054987,13.14848370,74.81252253
India,Power plants,22.134102,85.383618,22.14427809,85.37263155,22.14427809,85.39460421,22.12392472,85.37263155,22.12392472,85.39460421
India,Power plants,19.001928,72.897914,19.01231538,72.88692713,19.01231538,72.90889978,18.99154007,72.88692713,18.99154007,72.90889978
India,Power plants,21.582274,72.22278,21.59248945,72.21179366,21.59248945,72.23376632,21.57205729,72.21179366,21.57205729,72.23376632
India,Power plants,22.071338,82.60272,22.08151905,82.59173334,22.08151905,82.61370599,22.06115663,82.59173334,22.06115663,82.61370599
India,Power plants,20.602567,79.960522,20.61285222,79.94953752,20.61285222,79.97151017,20.59228485,79.94953752,20.59228485,79.97151017
India,Power plants,21.094433,85.074208,21.10468499,85.06322265,21.10468499,85.08519530,21.08418475,85.06322265,21.08418475,85.08519530
India,Power plants,15.190658,76.719246,15.20126003,76.70825958,15.20126003,76.73023224,15.18005512,76.70825958,15.18005512,76.73023224
India,Power plants,20.010774,79.20413,20.02109707,79.19314384,20.02109707,79.21511650,20.00045094,79.19314384,20.00045094,79.21511650
India,Power plants,20.535118,85.90844,20.54540540,85.89745402,20.54540540,85.91942668,20.52482894,85.89745402,20.52482894,85.91942668
India,Power plants,21.119507,72.640143,21.12975589,72.62915611,21.12975589,72.65112877,21.10925912,72.62915611,21.10925912,72.65112877
India,Power plants,18.911331,76.5509,18.92172395,76.53991342,18.92172395,76.56188607,18.90093735,76.53991342,18.90093735,76.56188607
India,Power plants,21.311907,81.613041,21.32213984,81.60205722,21.32213984,81.62402987,21.30166976,81.60205722,21.30166976,81.62402987
India,Power plants,21.234812,79.091091,21.24505238,79.08010483,21.24505238,79.10207748,21.22457158,79.08010483,21.22457158,79.10207748
India,Power plants,20.31125,86.645222,20.32155363,86.63423538,20.32155363,86.65620804,20.30094722,86.63423538,20.30094722,86.65620804
India,Power plants,22.106019,83.452647,22.11619703,83.44166100,22.11619703,83.46363366,22.09583960,83.44166100,22.09583960,83.46363366
India,Power plants,17.552296,75.98417,17.56277302,75.97318411,17.56277302,75.99515676,17.54182336,75.97318411,17.54182336,75.99515676
India,Power plants,15.187821,76.664218,15.19842317,76.65323138,15.19842317,76.67520404,15.17721797,76.65323138,15.17721797,76.67520404
India,Power plants,20.928137,78.933634,20.93839957,78.92264843,20.93839957,78.94462109,20.91787647,78.92264843,20.91787647,78.94462109
India,Power plants,21.179777,79.39612,21.19001879,79.38513100,21.19001879,79.40710366,21.16953035,79.38513100,21.16953035,79.40710366
India,Power plants,21.451357,81.857265,21.46158104,81.84627771,21.46158104,81.86825037,21.44113046,81.84627771,21.44113046,81.86825037
India,Power plants,21.785861,84.057746,21.79606437,84.04676199,21.79606437,84.06873465,21.77566105,84.04676199,21.77566105,84.06873465
India,Power plants,11.05351,77.995319,11.06429060,77.98433125,11.06429060,78.00630391,11.04272557,77.98433125,11.04272557,78.00630391
India,Power plants,21.046589,75.851124,21.05684337,75.84013581,21.05684337,75.86210847,21.03633654,75.84013581,21.03633654,75.86210847
India,Power plants,22.105393,88.177149,22.11557084,88.16616297,22.11557084,88.18813562,22.09521332,88.16616297,22.09521332,88.18813562
India,Power plants,20.961104,86.049626,20.97136292,86.03864014,20.97136292,86.06061280,20.95084434,86.03864014,20.95084434,86.06061280
India,Power plants,21.962763,82.35516,21.97295190,82.34417617,21.97295190,82.36614883,21.95257387,82.34417617,21.95257387,82.36614883
India,Power plants,11.520733,79.750239,11.53149745,79.73925233,11.53149745,79.76122499,11.50996749,79.73925233,11.50996749,79.76122499
India,Power plants,19.71081,83.401442,19.72115099,83.39045763,19.72115099,83.41243029,19.70046578,83.39045763,19.70046578,83.41243029
India,Power plants,17.164344,77.294419,17.17484028,77.28343248,17.17484028,77.30540514,17.15384624,77.28343248,17.15384624,77.30540514
India,Power plants,21.735718,84.061814,21.74592261,84.05082822,21.74592261,84.07280087,21.72551217,84.05082822,21.72551217,84.07280087
India,Power plants,17.295813,73.214317,17.30630126,73.20333123,17.30630126,73.22530389,17.28532215,73.20333123,17.28532215,73.22530389
India,Power plants,21.065816,86.456459,21.07606596,86.44547224,21.07606596,86.46744490,21.05556177,86.44547224,21.05556177,86.46744490
India,Power plants,18.869301,76.524829,18.87969642,76.51384234,18.87969642,76.53581500,18.85890461,76.51384234,18.85890461,76.53581500
India,Power plants,18.771269,73.258387,18.78166909,73.24739993,18.78166909,73.26937258,18.76086514,73.24739993,18.76086514,73.26937258
India,Power plants,21.408806,79.965266,21.41903403,79.95427966,21.41903403,79.97625232,21.39857749,79.95427966,21.39857749,79.97625232
India,Power plants,14.703775,78.455557,14.71440353,78.44457150,14.71440353,78.46654415,14.69315046,78.44457150,14.69315046,78.46654415
India,Power plants,18.384136,79.826372,18.39456052,79.81538415,18.39456052,79.83735681,18.37370927,79.81538415,18.37370927,79.83735681
India,Power plants,19.93079,79.119793,19.94111858,79.10880446,19.94111858,79.13077712,19.92046198,79.10880446,19.92046198,79.13077712
India,Power plants,21.886879,83.122488,21.89707170,83.11150253,21.89707170,83.13347518,21.87668279,83.11150253,21.87668279,83.13347518
India,Power plants,22.102958,76.536267,22.11313565,76.52527928,22.11313565,76.54725194,22.09277778,76.52527928,22.09277778,76.54725194
India,Power plants,21.275119,79.124303,21.28535563,79.11331594,21.28535563,79.13528860,21.26488044,79.11331594,21.26488044,79.13528860
India,Power plants,15.171382,76.377211,15.18198622,76.36622429,15.18198622,76.38819695,15.16077937,76.36622429,15.16077937,76.38819695
India,Power plants,20.836833,70.691523,20.84710135,70.68053663,20.84710135,70.70250928,20.82656576,70.68053663,20.82656576,70.70250928
India,Power plants,19.955389,72.748536,19.96571538,72.73754954,19.96571538,72.75952220,19.94506199,72.73754954,19.94506199,72.75952220
India,Power plants,22.065238,75.851197,22.07541958,75.84021091,22.07541958,75.86218357,22.05505628,75.84021091,22.05505628,75.86218357
India,Power plants,21.743655,83.275316,21.75385978,83.26432943,21.75385978,83.28630209,21.73345046,83.26432943,21.73345046,83.28630209
India,Power plants,16.499536,75.836263,16.51006942,75.82527637,16.51006942,75.84724903,16.48900155,75.82527637,16.48900155,75.84724903
India,Power plants,16.70616,79.575595,16.71668080,79.56460834,16.71668080,79.58658099,16.69563557,79.56460834,16.69563557,79.58658099
India,Power plants,28.597428,77.609208,28.60707347,77.59822190,28.60707347,77.62019455,28.58778138,77.59822190,28.58778138,77.62019455
India,Power plants,21.184364,81.42372,21.19460529,81.41273618,21.19460529,81.43470883,21.17411749,81.41273618,21.17411749,81.43470883
India,Power plants,21.961752,82.410503,21.97194202,82.39951551,21.97194202,82.42148817,21.95156384,82.39951551,21.95156384,82.42148817
India,Power plants,21.691583,83.859812,21.70178936,83.84882569,21.70178936,83.87079835,21.68137266,83.84882569,21.68137266,83.87079835
India,Power plants,21.529949,83.906464,21.54016619,83.89548004,21.54016619,83.91745269,21.51972666,83.89548004,21.51972666,83.91745269
India,Power plants,21.963325,83.891044,21.97351405,83.88005733,21.97351405,83.90202999,21.95313609,83.88005733,21.95313609,83.90202999
India,Power plants,20.853179,85.193786,20.86344358,85.18280089,20.86344358,85.20477355,20.84291023,85.18280089,20.84291023,85.20477355
India,Power plants,21.757607,83.458242,21.76780979,83.44725609,21.76780979,83.46922874,21.74740246,83.44725609,21.74740246,83.46922874
India,Power plants,21.211415,73.560097,21.22165623,73.54911089,21.22165623,73.57108355,21.20117219,73.54911089,21.20117219,73.57108355
India,Power plants,11.770345,77.814183,11.78109949,77.80319631,11.78109949,77.82516897,11.75958885,77.80319631,11.75958885,77.82516897
India,Power plants,20.925224,71.459772,20.93548362,71.44878566,20.93548362,71.47075832,20.91496012,71.44878566,20.91496012,71.47075832
India,Power plants,21.395536,73.107464,21.40576457,73.09647739,21.40576457,73.11845005,21.38530618,73.09647739,21.38530618,73.11845005
India,Power plants,22.130668,83.264485,22.14084466,83.25349867,22.14084466,83.27547133,22.12049080,83.25349867,22.12049080,83.27547133
India,Power plants,20.807666,85.291187,20.81793657,85.28020263,20.81793657,85.30217528,20.79739701,85.28020263,20.79739701,85.30217528
India,Power plants,22.011342,83.20546,22.02152699,83.19447398,22.02152699,83.21644664,22.00115593,83.19447398,22.00115593,83.21644664
India,Power plants,21.910421,83.187371,21.92061287,83.17638516,21.92061287,83.19835782,21.90022734,83.17638516,21.90022734,83.19835782
India,Power plants,19.195711,83.028021,19.20608608,83.01703513,19.20608608,83.03900778,19.18533509,83.01703513,19.18533509,83.03900778
India,Power plants,21.664922,83.922943,21.67513143,83.91195416,21.67513143,83.93392682,21.65471095,83.91195416,21.65471095,83.93392682
India,Power plants,18.827453,79.573524,18.83785128,79.56253767,18.83785128,79.58451033,18.81705427,79.56253767,18.81705427,79.58451033
India,Power plants,11.592651,79.467958,11.60341320,79.45697129,11.60341320,79.47894394,11.58188877,79.45697129,11.58188877,79.47894394
India,Power plants,20.870912,85.268004,20.88117741,85.25701761,20.88117741,85.27899027,20.86064648,85.25701761,20.86064648,85.27899027
India,Power plants,22.110025,78.174677,22.12020256,78.16369057,22.12020256,78.18566322,22.09984571,78.16369057,22.09984571,78.18566322
India,Power plants,19.980231,73.89231,19.99055536,73.88132393,19.99055536,73.90329659,19.96990523,73.88132393,19.96990523,73.90329659
India,Power plants,20.892166,84.992334,20.90242717,84.98134553,20.90242717,85.00331819,20.88189915,84.98134553,20.88189915,85.00331819
India,Power plants,16.356359,77.340639,16.36690072,77.32965231,16.36690072,77.35162497,16.34581732,77.32965231,16.34581732,77.35162497
India,Power plants,19.864702,74.083141,19.87503418,74.07215238,19.87503418,74.09412503,19.85436895,74.07215238,19.85436895,74.09412503
India,Power plants,18.75829,79.453779,18.76869232,79.44279313,18.76869232,79.46476579,18.74788677,79.44279313,18.74788677,79.46476579
India,Power plants,11.547959,79.443405,11.55872292,79.43241835,11.55872292,79.45439100,11.53719505,79.43241835,11.53719505,79.45439100
India,Power plants,20.91022,85.208016,20.92048210,85.19702733,20.92048210,85.21899998,20.89995654,85.19702733,20.89995654,85.21899998
India,Power plants,22.128438,83.535072,22.13861363,83.52408528,22.13861363,83.54605794,22.11825944,83.52408528,22.11825944,83.54605794
India,Power plants,22.13254,82.293647,22.14271791,82.28266239,22.14271791,82.30463505,22.12236431,82.28266239,22.12236431,82.30463505
India,Power plants,20.006349,79.287595,20.01667169,79.27660882,20.01667169,79.29858148,19.99602498,79.27660882,19.99602498,79.29858148
India,Power plants,20.514822,85.723424,20.52511028,85.71243525,20.52511028,85.73440790,20.50453109,85.71243525,20.50453109,85.73440790
India,Power plants,20.707247,78.629038,20.71752393,78.61805141,20.71752393,78.64002407,20.69697073,78.61805141,20.69697073,78.64002407
India,Power plants,21.8157430,84.0420360,21.82594181,84.03104961,21.82594181,84.05302227,21.80554275,84.03104961,21.80554275,84.05302227
India,Power plants,22.8158000,69.5281000,22.82592548,69.51711237,22.82592548,69.53908503,22.80567205,69.51711237,22.80567205,69.53908503
India,Power plants,25.2369030,87.2655950,25.24684055,87.25460887,25.24684055,87.27658153,25.22696513,87.25460887,25.22696513,87.27658153
India,Power plants,23.9775233,82.6264733,23.98756120,82.61548698,23.98756120,82.63745964,23.96748468,82.61548698,23.96748468,82.63745964
India,Power plants,24.0983000,82.6719000,24.10832669,82.66091287,24.10832669,82.68288553,24.08826903,82.66091287,24.08826903,82.68288553
India,Power plants,24.0270000,82.7915000,24.03703333,82.78051257,24.03703333,82.80248523,24.01696452,82.78051257,24.01696452,82.80248523
India,Power plants,14.3276040,80.1221050,14.33824915,80.11111915,14.33824915,80.13309181,14.31695992,80.11111915,14.31695992,80.13309181
India,Sewage treatment plant,28.60404,77.325318,28.61368547,77.31433153,28.61368547,77.33630419,28.59439459,77.31433153,28.59439459,77.33630419
India,Sewage treatment plant,12.939611,77.659264,12.95031821,77.64827728,12.95031821,77.67024994,12.92890352,77.64827728,12.92890352,77.67024994
India,Sewage treatment plant,12.95701,80.234184,12.96771630,80.22319794,12.96771630,80.24517059,12.94630310,80.22319794,12.94630310,80.24517059
India,Sewage treatment plant,13.1473,80.2604,13.15799602,80.24941385,13.15799602,80.27138650,13.13659930,80.24941385,13.13659930,80.27138650
India,Sewage treatment plant,19.148614,72.813993,19.15899235,72.80300617,19.15899235,72.82497883,19.13823542,72.80300617,19.13823542,72.82497883
India,Sewage treatment plant,13.0361,80.1937,13.04680263,80.18271267,13.04680263,80.20468533,13.02539625,80.18271267,13.02539625,80.20468533
India,Sewage treatment plant,12.919011,77.494254,12.92971915,77.48326778,12.92971915,77.50524044,12.90830269,77.48326778,12.90830269,77.50524044
India,Sewage treatment plant,13.064492,80.199873,13.07519354,80.18888712,13.07519354,80.21085978,13.05378961,80.18888712,13.05378961,80.21085978
India,Sewage treatment plant,19.078768,72.93304,19.08915031,72.92205334,19.08915031,72.94402599,19.06838461,72.92205334,19.06838461,72.94402599
India,Sewage treatment plant,28.5471,77.2835,28.55674930,77.27251589,28.55674930,77.29448855,28.53744797,77.27251589,28.53744797,77.29448855
India,Sewage treatment plant,28.727625,77.186294,28.73725880,77.17530727,28.73725880,77.19727993,28.71799066,77.17530727,28.71799066,77.19727993
India,Sewage treatment plant,17.381194,78.533621,17.39167830,78.52263451,17.39167830,78.54460716,17.37070895,78.52263451,17.37070895,78.54460716
India,Sewage treatment plant,28.725085,77.106106,28.73471877,77.09511995,28.73471877,77.11709261,28.71545016,77.09511995,28.71545016,77.11709261
India,Sewage treatment plant,28.698324,77.287145,28.70796003,77.27615833,28.70796003,77.29813099,28.68868649,77.27615833,28.68868649,77.29813099
India,Sewage treatment plant,28.671236,77.049608,28.68087443,77.03862190,28.68087443,77.06059456,28.66159590,77.03862190,28.66159590,77.06059456
India,Sewage treatment plant,25.4177254,81.8561536,25.42764644,81.84516728,25.42764644,81.86713994,25.40780068,81.84516728,25.40780068,81.86713994
India,Sewage treatment plant,22.6260015,88.4649766,22.63613950,88.45399082,22.63613950,88.47596347,22.61585795,88.45399082,22.61585795,88.47596347
India,Sewage treatment plant,23.0962898,72.6514414,23.10639320,72.64045358,23.10639320,72.66242623,23.08618172,72.64045358,23.08618172,72.66242623
India,Sewage treatment plant,17.4161922,78.4643545,17.42667476,78.45336914,17.42667476,78.47534180,17.40570942,78.45336914,17.40570942,78.47534180
India,Sewage treatment plant,22.972972045697805, 72.54886995215365,22.98308853,72.53788590,22.98308853,72.55985856,22.96285855,72.53788590,22.96285855,72.55985856
India,Sewage treatment plant,26.9516290,75.8901504,26.96142268,75.87916195,26.96142268,75.90113461,26.94183649,75.87916195,26.94183649,75.90113461
India,Sewage treatment plant,22.981652146750804, 72.52771940099255,22.99176536,72.51673400,22.99176536,72.53870666,22.97153667,72.51673400,22.97153667,72.53870666
USA,Iron and steel plants,31.148446,-87.990521,31.15784987,-88.00150752,31.15784987,-87.97953486,31.13904501,-88.00150752,31.13904501,-87.97953486
USA,Iron and steel plants,35.941421,-89.713819,35.95031369,-89.72480536,35.95031369,-89.70283270,35.93252424,-89.72480536,35.93252424,-89.70283270
USA,Iron and steel plants,40.39514,-79.859645,40.40350489,-79.87063229,40.40350489,-79.84865963,40.38677066,-79.87063229,40.38677066,-79.84865963
USA,Iron and steel plants,41.121613,-85.348602,41.12989008,-85.35959065,41.12989008,-85.33761799,41.11333774,-85.35959065,41.11333774,-85.33761799
USA,Iron and steel plants,36.353006,-76.811471,36.36185462,-76.82245731,36.36185462,-76.80048466,36.34415828,-76.82245731,36.34415828,-76.80048466
USA,Iron and steel plants,38.22577,-104.607895,38.23440055,-104.61888134,38.23440055,-104.59690869,38.21713930,-104.61888134,38.21713930,-104.59690869
USA,Iron and steel plants,41.620799,-87.348266,41.62901257,-87.35925257,41.62901257,-87.33727992,41.61258676,-87.35925257,41.61258676,-87.33727992
USA,Iron and steel plants,41.785971,-89.710947,41.79416038,-89.72193539,41.79416038,-89.69996274,41.77777670,-89.72193539,41.77777670,-89.69996274
USA,Iron and steel plants,41.568783,-84.048129,41.57700187,-84.05911624,41.57700187,-84.03714359,41.56056281,-84.05911624,41.56056281,-84.03714359
USA,Iron and steel plants,35.901162,-89.77619,35.91006022,-89.78717744,35.91006022,-89.76520479,35.89226171,-89.78717744,35.89226171,-89.76520479
USA,Iron and steel plants,30.941783,-88.012437,30.95120556,-88.02342117,30.95120556,-88.00144851,30.93235983,-88.02342117,30.93235983,-88.00144851
USA,Iron and steel plants,39.488589,-84.386197,39.49706601,-84.39718187,39.49706601,-84.37520921,39.48010859,-84.39718187,39.48010859,-84.37520921
USA,Iron and steel plants,33.004319,-79.880955,33.01353078,-79.89193976,33.01353078,-79.86996710,32.99510386,-79.89193976,32.99510386,-79.86996710
USA,Iron and steel plants,33.480697,-86.937854,33.48985800,-86.94884241,33.48985800,-86.92686975,33.47153123,-86.94884241,33.47153123,-86.92686975
USA,Iron and steel plants,34.63963,-87.085738,34.64866830,-87.09672332,34.64866830,-87.07475066,34.63059044,-87.09672332,34.63059044,-87.07475066
USA,Iron and steel plants,40.314891,-80.605553,40.32326864,-80.61653852,40.32326864,-80.59456587,40.30651448,-80.61653852,40.30651448,-80.59456587
USA,Iron and steel plants,41.631221,-87.143846,41.63943293,-87.15483069,41.63943293,-87.13285804,41.62300977,-87.15483069,41.62300977,-87.13285804
USA,Iron and steel plants,38.759878,-84.996204,38.76844340,-85.00719130,38.76844340,-84.98521864,38.75130964,-85.00719130,38.75130964,-84.98521864
USA,Iron and steel plants,41.464041,-81.676499,41.47227191,-81.68748558,41.47227191,-81.66551292,41.45580623,-81.68748558,41.45580623,-81.66551292
USA,Iron and steel plants,32.457544,-97.034246,32.46681145,-97.04522967,32.46681145,-97.02325702,32.44827116,-97.04522967,32.44827116,-97.02325702
USA,Iron and steel plants,35.644264,-89.941659,35.65319026,-89.95264292,35.65319026,-89.93067026,35.63533416,-89.95264292,35.63533416,-89.93067026
USA,Iron and steel plants,41.37064,-84.917454,41.37888561,-84.92844164,41.37888561,-84.90646899,41.36239623,-84.92844164,41.36239623,-84.90646899
USA,Iron and steel plants,33.44758,-88.572683,33.45674529,-88.58367026,33.45674529,-88.56169760,33.43841151,-88.58367026,33.43841151,-88.56169760
USA,Iron and steel plants,41.669553,-87.438429,41.67776007,-87.44941771,41.67776007,-87.42744505,41.66134668,-87.44941771,41.66134668,-87.42744505
USA,Iron and steel plants,39.976379,-86.830727,39.98479857,-86.84171498,39.98479857,-86.81974232,39.96796071,-86.84171498,39.96796071,-86.81974232
USA,Iron and steel plants,33.234761,-87.508498,33.24395035,-87.51948237,33.24395035,-87.49750972,33.22557172,-87.51948237,33.22557172,-87.49750972
USA,Iron and steel plants,41.482009,-90.820921,41.49024029,-90.83190858,41.49024029,-90.80993593,41.47377918,-90.83190858,41.47377918,-90.80993593
USA,Iron and steel plants,38.725418,-85.076015,38.73398764,-85.08700311,38.73398764,-85.06503046,38.71684561,-85.08700311,38.71684561,-85.06503046
USA,LNG terminals,27.8112,-97.3985,27.82091625,-97.40948439,27.82091625,-97.38751173,27.80148166,-97.40948439,27.80148166,-97.38751173
USA,LNG terminals,60.6794,-151.3883,60.68477926,-151.39928877,60.68477926,-151.37731612,60.67401934,-151.39928877,60.67401934,-151.37731612
USA,LNG terminals,42.3923,-71.0588,42.40041358,-71.06978416,42.40041358,-71.04781151,42.38418576,-71.06978416,42.38418576,-71.04781151
USA,LNG terminals,28.932,-95.3173,28.94161289,-95.32828867,28.94161289,-95.30631602,28.92238254,-95.32828867,28.92238254,-95.30631602
USA,LNG terminals,29.6004,-89.8864,29.60995382,-89.89738405,29.60995382,-89.87541139,29.59084879,-89.89738405,29.59084879,-89.87541139
USA,LNG terminals,32.0911,-81.0002,32.10040812,-81.01118803,32.10040812,-80.98921537,32.08179278,-81.01118803,32.08179278,-80.98921537
USA,LNG terminals,29.7509,-93.8724,29.76043772,-93.88338804,29.76043772,-93.86141539,29.74136126,-93.88338804,29.74136126,-93.86141539
USA,LNG terminals,30.1123,-93.2879,30.12180461,-93.29888642,30.12180461,-93.27691376,30.10279730,-93.29888642,30.10279730,-93.27691376
USA,LNG terminals,38.3854,-76.4098,38.39401160,-76.42078578,38.39401160,-76.39881313,38.37678829,-76.42078578,38.37678829,-76.39881313
USA,LNG terminals,30.3223,-88.5036,30.33178231,-88.51458728,30.33178231,-88.49261463,30.31281553,-88.51458728,30.31281553,-88.49261463
USA,LNG terminals,30.0432,-93.3366,30.05270928,-93.34758461,30.05270928,-93.32561195,30.03368869,-93.34758461,30.03368869,-93.32561195
USA,LNG terminals,29.7742,-93.3239,29.78373346,-93.33488703,29.78373346,-93.31291437,29.76466143,-93.33488703,29.76466143,-93.31291437
USA,LNG terminals,29.7600,-93.9200,29.76953688,-93.93098652,29.76953688,-93.90901387,29.75046215,-93.93098652,29.75046215,-93.90901387
USA,Nuclear power plant,40.2263,-75.5876,40.23468553,-75.59858680,40.23468553,-75.57661414,40.21790942,-75.59858680,40.21790942,-75.57661414
USA,Nuclear power plant,46.4711,-119.3336,46.47866581,-119.34458435,46.47866581,-119.32261169,46.46353279,-119.34458435,46.46353279,-119.32261169
USA,Nuclear power plant,29.9953,-90.4722,30.00481649,-90.48318386,30.00481649,-90.46121120,29.98578671,-90.48318386,29.98578671,-90.46121120
USA,Nuclear power plant,44.6219,-92.6331,44.62971826,-92.64408410,44.62971826,-92.62211144,44.61407906,-92.64408410,44.61407906,-92.62211144
USA,Nuclear power plant,35.4331,-80.9486,35.44204981,-80.95958769,35.44204981,-80.93761504,35.42414665,-80.95958769,35.42414665,-80.93761504
USA,Nuclear power plant,41.2439,-88.6711,41.25216131,-88.68208587,41.25216131,-88.66011322,41.23563985,-88.68208587,41.23563985,-88.66011322
USA,Nuclear power plant,39.7589,-76.2689,39.76734373,-76.27988398,39.76734373,-76.25791132,39.75045242,-76.27988398,39.75045242,-76.25791132
USA,Nuclear power plant,40.154,-76.7249,40.16239495,-76.73588634,40.16239495,-76.71391368,40.14560094,-76.73588634,40.14560094,-76.71391368
USA,Nuclear power plant,35.2261,-85.0878,35.23507324,-85.09878874,35.23507324,-85.07681608,35.21712416,-85.09878874,35.21712416,-85.07681608
USA,Nuclear power plant,33.1417,-81.7647,33.15090026,-81.77568734,33.15090026,-81.75371468,33.13250209,-81.77568734,33.13250209,-81.75371468
USA,Nuclear power plant,44.2814,-87.5376,44.28926391,-87.54858434,44.28926391,-87.52661169,44.27353326,-87.54858434,44.27353326,-87.52661169
USA,Nuclear power plant,41.0924,-76.148,41.10067820,-76.15898609,41.10067820,-76.13701344,41.08411850,-76.15898609,41.08411850,-76.13701344
USA,Nuclear power plant,32.0064,-91.0472,32.01571777,-91.05818510,32.01571777,-91.03621244,31.99708520,-91.05818510,31.99708520,-91.03621244
USA,Nuclear power plant,35.2117,-120.8558,35.22067398,-120.86678624,35.22067398,-120.84481359,35.20272172,-120.86678624,35.20272172,-120.84481359
USA,Nuclear power plant,33.388,-112.8617,33.39717323,-112.87268758,33.39717323,-112.85071492,33.37882687,-112.87268758,33.37882687,-112.85071492
USA,Nuclear power plant,41.2434,-88.2297,41.25166121,-88.24068546,41.25166121,-88.21871281,41.23513962,-88.24068546,41.23513962,-88.21871281
USA,Nuclear power plant,34.7049,-87.1189,34.71392937,-87.12988615,34.71392937,-87.10791349,34.69586575,-87.12988615,34.69586575,-87.10791349
USA,Nuclear power plant,34.7938,-82.8971,34.80282279,-82.90808380,34.80282279,-82.88611114,34.78477860,-82.90808380,34.78477860,-82.88611114
USA,Nuclear power plant,35.0519,-81.0708,35.06089291,-81.08178377,35.06089291,-81.05981112,35.04290538,-81.08178377,35.04290538,-81.05981112
USA,Nuclear power plant,43.5206,-76.4078,43.52856784,-76.41878486,43.52856784,-76.39681220,43.51263488,-76.41878486,43.51263488,-76.39681220
USA,Nuclear power plant,30.7575,-91.3314,30.76694181,-91.34238660,30.76694181,-91.32041395,30.74805983,-91.34238660,30.74805983,-91.32041395
USA,Nuclear power plant,38.4319,-76.4419,38.44050579,-76.45288646,38.44050579,-76.43091381,38.42329357,-76.45288646,38.42329357,-76.43091381
USA,Nuclear power plant,28.7954,-96.0479,28.80502656,-96.05888486,28.80502656,-96.03691220,28.78577092,-96.05888486,28.78577092,-96.03691220
USA,Nuclear power plant,35.6033,-84.7869,35.61223215,-84.79788780,35.61223215,-84.77591515,35.59436690,-84.79788780,35.59436690,-84.77591515
USA,Nuclear power plant,38.2393000,-95.6898000,38.24792940,-95.70078850,38.24792940,-95.67881584,38.23067136,-95.70078850,38.23067136,-95.67881584
USA,Nuclear power plant,41.3901000,-88.2701000,41.39834060,-88.28108490,41.39834060,-88.25911224,41.38185615,-88.28108490,41.38185615,-88.25911224
USA,Nuclear power plant,32.29830,-97.78500,32.30758763,-97.79598534,32.30758763,-97.77401268,32.28901463,-97.79598534,32.28901463,-97.77401268
USA,Nuclear power plant,43.2777000,-77.3099000,43.28569928,-77.32088685,43.28569928,-77.29891419,43.26970232,-77.32088685,43.26970232,-77.29891419
USA,Nuclear power plant,38.7589000,-91.7788000,38.76746468,-91.78978443,38.76746468,-91.76781178,38.75033068,-91.78978443,38.75033068,-91.76781178
USA,Nuclear power plant,35.3110000,-93.2351000,35.31996632,-93.24608445,35.31996632,-93.22411180,35.30203605,-93.24608445,35.30203605,-93.22411180
USA,Nuclear power plant,31.2231000,-85.1116000,31.23249531,-85.12258530,31.23249531,-85.10061264,31.21370527,-85.12258530,31.21370527,-85.10061264
USA,Nuclear power plant,41.8006000,-81.1439000,41.80878855,-81.15488470,41.80878855,-81.13291204,41.79240861,-81.15488470,41.79240861,-81.13291204
USA,Nuclear power plant,38.0601000,-77.7897000,38.06874991,-77.80068576,38.06874991,-77.77871311,38.05144942,-77.80068576,38.05144942,-77.77871311
USA,Nuclear power plant,27.3486000,-80.2464000,27.35835631,-80.25738537,27.35835631,-80.23541272,27.33883958,-80.25738537,27.33883958,-80.23541272
USA,Nuclear power plant,39.4625000,-75.5358000,39.47098232,-75.54678798,39.47098232,-75.52481532,39.45401854,-75.54678798,39.45401854,-75.52481532
USA,Nuclear power plant,33.9597000,-78.0114000,33.96881167,-78.02238643,33.96881167,-78.00041378,33.95058687,-78.02238643,33.95058687,-78.00041378
USA,Nuclear power plant,40.1719000,-88.8339000,40.18029551,-88.84488523,40.18029551,-88.82291257,40.16350593,-88.84488523,40.16350593,-88.82291257
USA,Nuclear power plant,31.9342000,-82.3447000,31.94352279,-82.35568821,31.94352279,-82.33371556,31.92487556,-82.35568821,31.92487556,-82.33371556
USA,Nuclear power plant,35.6334000,-78.9556000,35.64232711,-78.96658838,35.64232711,-78.94461572,35.62446859,-78.96658838,35.62446859,-78.94461572
USA,Nuclear power plant,40.6219000,-80.4336000,40.63023925,-80.44458747,40.63023925,-80.42261481,40.61356151,-80.44458747,40.61356151,-80.42261481
USA,Nuclear power plant,41.9627800,-83.2575000,41.97094968,-83.26848686,41.97094968,-83.24651420,41.95461127,-83.26848686,41.95461127,-83.24651420
USA,Nuclear power plant,41.7261000,-90.3103000,41.73429729,-90.32128572,41.73429729,-90.29931307,41.71789832,-90.32128572,41.71789832,-90.29931307
USA,Nuclear power plant,37.16560,-76.69830,37.17435488,-76.70928419,37.17435488,-76.68731153,37.15684503,-76.70928419,37.15684503,-76.68731153
USA,Nuclear power plant,45.3338000,-93.8493000,45.34152086,-93.86028886,45.34152086,-93.83831620,45.32607463,-93.86028886,45.32607463,-93.83831620
USA,Nuclear power plant,41.3107000,-72.1677000,41.31895073,-72.17868447,41.31895073,-72.15671182,41.30244617,-72.17868447,41.30244617,-72.15671182
USA,Nuclear power plant,25.4344800,-80.3324000,25.44440329,-80.34338772,25.44440329,-80.32141507,25.42456029,-80.34338772,25.42456029,-80.32141507
USA,Nuclear power plant,42.8992000,-70.8489000,42.90724850,-70.85988522,42.90724850,-70.83791256,42.89115238,-70.85988522,42.89115238,-70.83791256
USA,Nuclear power plant,41.5967000,-83.0861000,41.60491379,-83.09708834,41.60491379,-83.07511568,41.58848184,-83.09708834,41.58848184,-83.07511568
USA,Nuclear power plant,34.2983000,-81.3153000,34.30737428,-81.32628858,34.30737428,-81.30431592,34.28922233,-81.32628858,34.28922233,-81.30431592
USA,Nuclear power plant,42.0742000,-89.2819000,42.08235463,-89.29288387,42.08235463,-89.27091122,42.06604482,-89.29288387,42.06604482,-89.27091122
USA,Nuclear power plant,40.3628000,-95.6408000,40.37117255,-95.65178454,40.37117255,-95.62981188,40.35443028,-95.65178454,40.35443028,-95.62981188
USA,Nuclear power plant,34.4017000,-80.1589000,34.41076452,-80.16988635,34.41076452,-80.14791369,34.39263495,-80.16988635,34.39263495,-80.14791369
USA,Oil refineries,29.985278,-90.392778,29.99479564,-90.40376365,29.99479564,-90.38179100,29.97576394,-90.40376365,29.97576394,-90.38179100
USA,Oil refineries,29.957935,-93.897484,29.96745502,-93.90847206,29.96745502,-93.88649940,29.94841808,-93.90847206,29.94841808,-93.88649940
USA,Oil refineries,48.884,-122.735,48.89122408,-122.74598479,48.89122408,-122.72401214,48.87677517,-122.74598479,48.87677517,-122.72401214
USA,Oil refineries,29.070847,-95.750363,29.08044790,-95.76134741,29.08044790,-95.73937476,29.06124337,-95.76134741,29.06124337,-95.73937476
USA,Oil refineries,27.832011,-97.525582,27.84172771,-97.53656745,27.84172771,-97.51459479,27.82229684,-97.53656745,27.82229684,-97.51459479
USA,Oil refineries,41.421111,-88.191944,41.42935028,-88.20293069,41.42935028,-88.18095803,41.41287370,-88.20293069,41.41287370,-88.18095803
USA,Oil refineries,30.06132,-90.59353,30.07083024,-90.60451627,30.07083024,-90.58254361,30.05181313,-90.60451627,30.05181313,-90.58254361
USA,Oil refineries,38.840401,-90.070774,38.84895791,-90.08175910,38.84895791,-90.05978644,38.83184350,-90.08175910,38.83184350,-90.05978644
USA,Oil refineries,33.9082,-118.4085,33.91731745,-118.41948509,33.91731745,-118.39751244,33.89908163,-118.41948509,33.89908163,-118.39751244
USA,Oil refineries,30.484917,-91.17392,30.49438614,-91.18490875,30.49438614,-91.16293609,30.47545092,-91.18490875,30.47545092,-91.16293609
USA,Oil refineries,29.868333,-93.968333,29.87785762,-93.97931993,29.87785762,-93.95734727,29.85880355,-93.97931993,29.85880355,-93.95734727
USA,Oil refineries,38.377246,-82.597162,38.38585879,-82.60814846,38.38585879,-82.58617580,38.36863355,-82.60814846,38.36863355,-82.58617580
USA,Oil refineries,30.18149,-93.324051,30.19098609,-93.33503723,30.19098609,-93.31306458,30.17199211,-93.33503723,30.17199211,-93.31306458
USA,Oil refineries,36.6821,-97.0895,36.69091081,-97.10048854,36.69091081,-97.07851589,36.67328956,-97.10048854,36.67328956,-97.07851589
USA,Oil refineries,41.663055,-87.479643,41.67126093,-87.49062717,41.67126093,-87.46865451,41.65484588,-87.49062717,41.65484588,-87.46865451
USA,Oil refineries,29.374444,-94.925,29.38401676,-94.93598878,29.38401676,-94.91401613,29.36486907,-94.93598878,29.36486907,-94.91401613
USA,Oil refineries,33.81323,-118.24298,33.82235590,-118.25396597,33.82235590,-118.23199332,33.80409979,-118.25396597,33.80409979,-118.23199332
USA,Oil refineries,40.6365,-74.2199,40.64483700,-74.23088551,40.64483700,-74.20891285,40.62816290,-74.23088551,40.62816290,-74.20891285
USA,Oil refineries,29.739444,-95.006944,29.74898110,-95.01793027,29.74898110,-94.99595761,29.72990246,-95.01793027,29.72990246,-94.99595761
USA,Oil refineries,30.242155,-93.274386,30.25164398,-93.28537345,30.25164398,-93.26340079,30.23266170,-93.28537345,30.23266170,-93.26340079
USA,Oil refineries,30.343733,-88.4938,30.35321275,-88.50478649,30.35321275,-88.48281384,30.33425013,-88.50478649,30.33425013,-88.48281384
USA,Oil refineries,29.369167,-94.911111,29.37873935,-94.92209494,29.37873935,-94.90012228,29.35959067,-94.92209494,29.35959067,-94.90012228
USA,Oil refineries,30.065833,-94.071388,30.07534255,-94.08237576,30.07534255,-94.06040311,30.05632631,-94.08237576,30.05632631,-94.06040311
USA,Oil refineries,30.001107,-90.402221,30.01062319,-90.41320503,30.01062319,-90.39123237,29.99159452,-90.41320503,29.99159452,-90.39123237
USA,Oil refineries,29.891073,-93.949641,29.90059587,-93.96062493,29.90059587,-93.93865228,29.88154614,-93.96062493,29.88154614,-93.93865228
USA,Oil refineries,44.764434,-93.039484,44.77223520,-93.05047095,44.77223520,-93.02849829,44.75663444,-93.05047095,44.75663444,-93.02849829
USA,Oil refineries,29.722222,-95.126944,29.73176111,-95.13793230,29.73176111,-95.11595964,29.71267919,-95.13793230,29.71267919,-95.11595964
USA,Oil refineries,38.998676,-87.724781,39.00721274,-87.73576498,39.00721274,-87.71379232,38.99013646,-87.73576498,38.99013646,-87.71379232
USA,Oil refineries,37.938779,-122.396453,37.94744217,-122.40744174,37.94744217,-122.38546908,37.93011304,-122.40744174,37.93011304,-122.38546908
USA,Oil refineries,27.810775,-97.436658,27.82049400,-97.44764686,27.82049400,-97.42567420,27.80105933,-97.44764686,27.80105933,-97.42567420
USA,Oil refineries,41.7801630,-107.1095110,41.78835697,-107.12049723,41.78835697,-107.09852457,41.77197181,-107.12049723,41.77197181,-107.09852457
USA,Oil refineries,43.8485210,-104.2139030,43.85644396,-104.22489166,43.85644396,-104.20291901,43.84059785,-104.22489166,43.84059785,-104.20291901
USA,Oil refineries,29.6844050,-89.9798390,29.69394780,-89.99082685,29.69394780,-89.96885419,29.67485870,-89.99082685,29.67485870,-89.96885419
USA,Oil refineries,36.1167490,-95.9999490,36.12562200,-96.01093769,36.12562200,-95.98896503,36.10787210,-96.01093769,36.10787210,-95.98896503
USA,Oil refineries,47.2557860,-122.3971260,47.26324251,-122.40811229,47.26324251,-122.38613963,47.24832909,-122.40811229,47.24832909,-122.38613963
USA,Oil refineries,41.6556250,-88.0465500,41.66383139,-88.05753887,41.66383139,-88.03556621,41.64741445,-88.05753887,41.64741445,-88.03556621
USA,Oil refineries,41.1271320,-104.7897500,41.13540525,-104.80073512,41.13540525,-104.77876246,41.11885430,-104.80073512,41.11885430,-104.77876246
USA,Oil refineries,31.7675120,-106.3956130,31.77685226,-106.40660048,31.77685226,-106.38462782,31.75817130,-106.40660048,31.75817130,-106.38462782
USA,Oil refineries,46.8498320,-100.8837670,46.85734450,-100.89475214,46.85734450,-100.87277949,46.84231712,-100.89475214,46.84231712,-100.87277949
USA,Oil refineries,40.7159650,-84.1246400,40.72429104,-84.13562894,40.72429104,-84.11365628,40.70763681,-84.13562894,40.70763681,-84.11365628
USA,Oil refineries,37.7974730,-96.8726620,37.80615176,-96.88364804,37.80615176,-96.86167538,37.78878936,-96.88364804,37.78878936,-96.86167538
USA,Oil refineries,21.3094930,-158.1109270,21.31972616,-158.12191308,21.31972616,-158.09994042,21.29925575,-158.12191308,21.29925575,-158.09994042
USA,Oil refineries,33.8532080,-118.3323170,33.86233102,-118.34330499,33.86233102,-118.32133234,33.84408344,-118.34330499,33.84408344,-118.32133234
USA,Oil refineries,37.9060280,-87.9288770,37.91469700,-87.93986499,37.91469700,-87.91789234,37.89736015,-87.93986499,37.89736015,-87.91789234
USA,Oil refineries,32.8448210,-104.3909790,32.85404853,-104.40196574,32.85404853,-104.37999308,32.83558837,-104.40196574,32.83558837,-104.37999308
USA,Oil refineries,32.7985310,-93.4111280,32.80776468,-93.42211246,32.80776468,-93.40013981,32.78929489,-93.42211246,32.78929489,-93.40013981
USA,Oil refineries,28.4592100,-98.1882650,28.46887050,-98.19925010,28.46887050,-98.17727745,28.44955309,-98.19925010,28.44955309,-98.17727745
USA,Oil refineries,38.0720070,-122.1383190,38.08065430,-122.14930594,38.08065430,-122.12733328,38.06335662,-122.14930594,38.06335662,-122.12733328
USA,Oil refineries,44.8510070,-92.9943450,44.85879685,-93.00532937,44.85879685,-92.98335671,44.84321948,-93.00532937,44.84321948,-92.98335671
USA,Oil refineries,46.6905720,-92.0673120,46.69810742,-92.07829893,46.69810742,-92.05632627,46.68303554,-92.07829893,46.68303554,-92.05632627
USA,Oil refineries,40.6108260,-80.6293990,40.61916465,-80.64038336,40.61916465,-80.61841071,40.60248415,-80.64038336,40.60248415,-80.61841071
USA,Oil refineries,18.4162450,-66.1331200,18.42666732,-66.14410579,18.42666732,-66.12213314,18.40581996,-66.14410579,18.40581996,-66.12213314
USA,Oil refineries,32.3604320,-95.2819640,32.36971327,-95.29294789,32.36971327,-95.27097523,32.35115302,-95.29294789,32.35115302,-95.27097523
USA,Oil refineries,38.0434740,-122.2556320,38.05212530,-122.26662040,38.05212530,-122.24464774,38.03482088,-122.26662040,38.03482088,-122.24464774
USA,Oil refineries,39.5877330,-75.6313230,39.59619812,-75.64230680,39.59619812,-75.62033415,39.57926490,-75.64230680,39.57926490,-75.62033415
USA,Oil refineries,30.1323890,-93.3200680,30.14188917,-93.33105683,30.14188917,-93.30908418,30.12288573,-93.33105683,30.12288573,-93.30908418
USA,Oil refineries,35.4884680,-108.4273590,35.49741252,-108.43834698,35.49741252,-108.41637433,35.47952167,-108.43834698,35.47952167,-108.41637433
USA,Oil refineries,40.7923150,-111.9054550,40.80063325,-111.91644251,40.80063325,-111.89446986,40.78399813,-111.91644251,40.78399813,-111.89446986
USA,Oil refineries,34.2044000,-97.1017940,34.21348345,-97.11277843,34.21348345,-97.09080577,34.19531125,-97.11277843,34.19531125,-97.09080577
USA,Oil refineries,29.9986060,-93.9844140,30.00811938,-93.99540246,30.00811938,-93.97342980,29.98909023,-93.99540246,29.98909023,-93.97342980
USA,Oil refineries,46.8553950,-102.9113650,46.86290900,-102.92235196,46.86290900,-102.90037930,46.84788317,-102.92235196,46.84788317,-102.90037930
USA,Oil refineries,30.5265080,-91.7480010,30.53596965,-91.75898731,30.53596965,-91.73701465,30.51704253,-91.75898731,30.51704253,-91.73701465
USA,Oil refineries,36.1391330,-96.0226970,36.14800299,-96.03368282,36.14800299,-96.01171017,36.13025816,-96.03368282,36.13025816,-96.01171017
USA,Oil refineries,48.8305010,-122.6966180,48.83773239,-122.70760238,48.83773239,-122.68562973,48.82326804,-122.70760238,48.82326804,-122.68562973
USA,Oil refineries,41.6288900,-83.5049200,41.63709962,-83.51590455,41.63709962,-83.49393189,41.62067587,-83.51590455,41.62067587,-83.49393189
USA,Oil refineries,35.9556300,-101.8809910,35.96452152,-101.89197600,35.96452152,-101.87000334,35.94673528,-101.89197600,35.94673528,-101.87000334
USA,Oil refineries,32.2709920,-101.4150730,32.28028002,-101.42606020,32.28028002,-101.40408754,32.26170143,-101.42606020,32.26170143,-101.40408754
USA,Oil refineries,27.8167580,-97.4845050,27.82647648,-97.49549210,27.82647648,-97.47351944,27.80704289,-97.49549210,27.80704289,-97.47351944
USA,Oil refineries,29.8233800,-95.1135660,29.83291004,-95.12455344,29.83291004,-95.10258079,29.81384739,-95.12455344,29.81384739,-95.10258079
USA,Oil refineries,47.5232120,-111.2953160,47.53062929,-111.30630434,47.53062929,-111.28433168,47.51579135,-111.30630434,47.51579135,-111.28433168
USA,Power plants,39.4525,-94.97639,39.46098098,-94.98737454,39.46098098,-94.96540189,39.44401476,-94.98737454,39.44401476,-94.96540189
USA,Power plants,33.06259,-83.80388,33.07179585,-83.81486893,33.07179585,-83.79289627,33.05338111,-83.81486893,33.05338111,-83.79289627
USA,Power plants,35.76161,-95.28746,35.77052427,-95.29844642,35.77052427,-95.27647376,35.75269443,-95.29844642,35.75269443,-95.27647376
USA,Power plants,31.42333,-96.25139,31.43270488,-96.26237869,31.43270488,-96.24040604,31.41395476,-96.26237869,31.41395476,-96.24040604
USA,Power plants,38.93583,-82.11667,38.94437374,-82.12765753,38.94437374,-82.10568488,38.92728230,-82.12765753,38.92728230,-82.10568488
USA,Power plants,39.20083,-79.26278,39.20934169,-79.27376568,39.20934169,-79.25179303,39.19231430,-79.27376568,39.19231430,-79.25179303
USA,Power plants,30.72667,-91.36694,30.73611379,-91.37792587,30.73611379,-91.35595322,30.71722577,-91.37792587,30.71722577,-91.35595322
USA,Power plants,40.53,-80.63083,40.53835008,-80.64181566,40.53835008,-80.61984301,40.52164942,-80.64181566,40.52164942,-80.61984301
USA,Power plants,39.38389,-80.33111,39.39238237,-80.34209490,39.39238237,-80.32012224,39.37539944,-80.34209490,39.37539944,-80.32012224
USA,Power plants,45.88361,-106.61417,45.89125898,-106.62515759,45.89125898,-106.60318494,45.87596342,-106.62515759,45.87596342,-106.60318494
USA,Power plants,33.24279,-86.46112,33.25197633,-86.47210658,33.25197633,-86.45013392,33.23359938,-86.47210658,33.23359938,-86.45013392
USA,Power plants,33.63194,-87.06056,33.64108892,-87.07154810,33.64108892,-87.04957545,33.62279421,-87.07154810,33.62279421,-87.04957545
USA,Power plants,40.09556,-76.69694,40.10396293,-76.70792699,40.10396293,-76.68595433,40.08715448,-76.70792699,40.08715448,-76.68595433
USA,Power plants,31.00611,-88.01111,31.01552724,-88.02209616,31.01552724,-88.00012350,30.99669421,-88.02209616,30.99669421,-88.00012350
USA,Power plants,38.05,-85.91,38.05865142,-85.92098773,38.05865142,-85.89901507,38.04134854,-85.92098773,38.04134854,-85.89901507
USA,Power plants,40.38472,-79.06361,40.39308734,-79.07459557,40.39308734,-79.05262291,40.37635052,-79.07459557,40.37635052,-79.05262291
USA,Power plants,42.77389,-82.495,42.78195270,-82.50598848,42.78195270,-82.48401582,42.76582391,-82.50598848,42.76582391,-82.48401582
USA,Power plants,39.28611,-96.11694,39.29461183,-96.12792492,39.29461183,-96.10595226,39.27760513,-96.12792492,39.27760513,-96.10595226
USA,Power plants,34.12306,-84.92028,34.13215279,-84.93126869,34.13215279,-84.90929604,34.11396307,-84.93126869,34.11396307,-84.90929604
USA,Power plants,32.26167,-94.56472,32.27095945,-94.57570374,32.27095945,-94.55373108,32.25237895,-94.57570374,32.25237895,-94.55373108
USA,Power plants,36.31472,-86.40028,36.32357085,-86.41126871,36.32357085,-86.38929605,36.30586581,-86.41126871,36.30586581,-86.38929605
USA,Power plants,37.92556,-87.03389,37.93422569,-87.04487622,37.93422569,-87.02290356,37.91689344,-87.04487622,37.91689344,-87.02290356
USA,Power plants,36.47883,-79.07089,36.48766499,-79.08187509,36.48766499,-79.05990243,36.46999729,-79.08187509,36.46999729,-79.05990243
USA,Power plants,27.79583,-82.40361,27.80554822,-82.41459489,27.80554822,-82.39262223,27.78611088,-82.41459489,27.78611088,-82.39262223
USA,Power plants,38.47472,-81.82111,38.48332104,-81.83209419,38.48332104,-81.81012154,38.46611903,-81.83209419,38.46611903,-81.81012154
USA,Power plants,35.67722,-91.40972,35.68614555,-91.42070711,35.68614555,-91.39873445,35.66829682,-91.42070711,35.66829682,-91.39873445
USA,Power plants,40.65972,-79.34111,40.66805411,-79.35209692,40.66805411,-79.33012426,40.65138581,-79.35209692,40.65138581,-79.33012426
USA,Power plants,36.68556,-108.48167,36.69436919,-108.49265635,36.69436919,-108.47068369,36.67674874,-108.49265635,36.67674874,-108.47068369
USA,Power plants,35.5975,-80.96472,35.60643162,-80.97570777,35.60643162,-80.95373511,35.58856507,-80.97570777,35.58856507,-80.95373511
USA,Power plants,39.50472,-112.57028,39.51319574,-112.58126557,39.51319574,-112.55929291,39.49624225,-112.58126557,39.49624225,-112.55929291
USA,Power plants,36.39139,-87.65472,36.40023183,-87.66570568,36.40023183,-87.64373302,36.38254422,-87.66570568,36.38254422,-87.64373302
USA,Power plants,38.5275,-87.25389,38.53609416,-87.26487637,38.53609416,-87.24290371,38.51890475,-87.26487637,38.51890475,-87.24290371
USA,Power plants,38.37194,-87.76722,38.38055204,-87.77820826,38.38055204,-87.75623560,38.36332553,-87.77820826,38.36332553,-87.75623560
USA,Power plants,38.75417,-85.02139,38.76273818,-85.03237724,38.76273818,-85.01040459,38.74560305,-85.03237724,38.74560305,-85.01040459
USA,Power plants,45.3787,-93.8966,45.38641771,-93.90758693,45.38641771,-93.88561428,45.37098373,-93.90758693,45.37098373,-93.88561428
USA,Power plants,33.36917,-80.11417,33.37834308,-80.12515783,33.37834308,-80.10318518,33.35999274,-80.12515783,33.35999274,-80.10318518
USA,Power plants,41.88917,-83.34556,41.89734991,-83.35654378,41.89734991,-83.33457112,41.88099264,-83.35654378,41.88099264,-83.33457112
USA,Power plants,38.20453,-89.85598,38.21316054,-89.86696780,38.21316054,-89.84499514,38.19589426,-89.86696780,38.19589426,-89.84499514
USA,Power plants,42.10722,-104.88722,42.11537155,-104.89820659,42.11537155,-104.87623394,42.09907023,-104.89820659,42.09907023,-104.87623394
USA,Power plants,29.91667,-96.75167,29.92619286,-96.76265895,29.92619286,-96.74068630,29.90714802,-96.76265895,29.90714802,-96.74068630
USA,Power plants,36.28139,-80.06028,36.29024520,-80.07126689,36.29024520,-80.04929423,36.27253260,-80.07126689,36.27253260,-80.04929423
USA,Power plants,38.56222,-90.83778,38.57080878,-90.84876895,38.57080878,-90.82679629,38.55362766,-90.84876895,38.55362766,-90.82679629
USA,Sewage treatment plant,40.590188,-73.933138,40.59852925,-73.94412518,40.59852925,-73.92215252,40.58184359,-73.94412518,40.58184359,-73.92215252
USA,Sewage treatment plant,40.641717,-74.033621,40.65005087,-74.04460609,40.65005087,-74.02263343,40.63337808,-74.04460609,40.63337808,-74.02263343
USA,Sewage treatment plant,37.431962,-121.948099,37.44068535,-121.95908368,37.44068535,-121.93711102,37.42323740,-121.95908368,37.42323740,-121.93711102
USA,Sewage treatment plant,33.690617,-117.940611,33.69975672,-117.95159519,33.69975672,-117.92962253,33.68147448,-117.95159519,33.68147448,-117.92962253
USA,Sewage treatment plant,42.35,-70.958969,42.35811977,-70.96995771,42.35811977,-70.94798505,42.34188102,-70.96995771,42.34188102,-70.94798505
USA,Sewage treatment plant,32.678772,-117.246443,32.68801726,-117.25742877,32.68801726,-117.23545611,32.66952263,-117.25742877,32.66952263,-117.23545611
USA,Sewage treatment plant,39.811005,-104.955339,39.81944315,-104.96632397,39.81944315,-104.94435132,39.80256462,-104.96632397,39.80256462,-104.94435132
USA,Sewage treatment plant,40.662531,-73.809214,40.67086566,-73.82020175,40.67086566,-73.79822910,40.65419807,-73.82020175,40.65419807,-73.79822910
USA,Sewage treatment plant,39.987798,-75.082216,39.99621602,-75.09320498,39.99621602,-75.07123232,39.97938098,-75.09320498,39.97938098,-75.07123232
USA,Sewage treatment plant,41.815981,-87.765514,41.82416892,-87.77650237,41.82416892,-87.75452971,41.80779291,-87.77650237,41.80779291,-87.75452971
USA,Sewage treatment plant,40.73388,-73.946585,40.74220514,-73.95757377,40.74220514,-73.93560112,40.72555539,-73.95757377,40.72555539,-73.93560112
USA,Sewage treatment plant,39.112739,-84.546626,39.12126279,-84.55761015,39.12126279,-84.53563750,39.10421407,-84.55761015,39.10421407,-84.53563750
USA,Sewage treatment plant,40.825404,-73.956634,40.83371645,-73.96762133,40.83371645,-73.94564867,40.81708962,-73.96762133,40.81708962,-73.94564867
USA,Sewage treatment plant,40.803664,-73.882763,40.81197815,-73.89374793,40.81197815,-73.87177527,40.79534587,-73.89374793,40.79534587,-73.87177527
USA,Sewage treatment plant,41.426748,-81.650773,41.43498499,-81.66175783,41.43498499,-81.63978517,41.41850984,-81.66175783,41.41850984,-81.63978517
USA,Sewage treatment plant,39.886823,-75.222583,39.89525057,-75.23357034,39.89525057,-75.21159768,39.87839068,-75.23357034,39.87839068,-75.21159768
USA,Sewage treatment plant,40.651452,-73.878863,40.65978559,-73.88984799,40.65978559,-73.86787534,40.64311523,-73.88984799,40.64311523,-73.86787534
USA,Sewage treatment plant,42.286374,-83.126468,42.29450066,-83.13745558,42.29450066,-83.11548293,42.27824548,-83.13745558,42.27824548,-83.11548293
USA,Sewage treatment plant,38.451313,-121.46933,38.45991505,-121.48031473,38.45991505,-121.45834208,38.44270745,-121.48031473,38.44270745,-121.45834208
USA,Sewage treatment plant,33.80289,-118.281945,33.81202046,-118.29293311,33.81202046,-118.27096045,33.79376214,-118.29293311,33.79376214,-118.27096045
USA,Sewage treatment plant,33.925161,-118.43024,33.93427647,-118.44122708,33.93427647,-118.41925442,33.91604428,-118.44122708,33.91604428,-118.41925442
USA,Sewage treatment plant,40.794822,-73.839051,40.80313871,-73.85003865,40.80313871,-73.82806599,40.78650422,-73.85003865,40.78650422,-73.82806599
USA,Sewage treatment plant,38.815179,-77.023237,38.82374029,-77.03422308,38.82374029,-77.01225042,38.80661982,-77.03422308,38.80661982,-77.01225042
USA,Sewage treatment plant,33.639607,-117.958075,33.64875225,-117.96906173,33.64875225,-117.94708908,33.63045917,-117.96906173,33.63045917,-117.94708908
USA,Sewage treatment plant,40.788062,-73.921951,40.79638145,-73.93293500,40.79638145,-73.91096234,40.77974527,-73.93293500,40.77974527,-73.91096234
USA,Sewage treatment plant,39.3475600,-84.5902700,39.35605643,-84.60125506,39.35605643,-84.57928240,39.33906466,-84.60125506,39.33906466,-84.57928240
USA,Sewage treatment plant,26.3047940,-98.2191960,26.31464176,-98.23018134,26.31464176,-98.20820868,26.29494438,-98.23018134,26.29494438,-98.20820868
USA,Sewage treatment plant,29.9330140,-95.2824570,29.94253336,-95.29344141,29.94253336,-95.27146876,29.92349165,-95.29344141,29.92349165,-95.27146876
USA,Sewage treatment plant,42.5278570,-70.8761740,42.53595125,-70.88715792,42.53595125,-70.86518526,42.51975853,-70.88715792,42.51975853,-70.86518526
USA,Sewage treatment plant,33.6782560,-84.6344930,33.68739789,-84.64547932,33.68739789,-84.62350667,33.66911302,-84.64547932,33.66911302,-84.62350667
USA,Sewage treatment plant,34.9089440,-88.5138060,34.91795514,-88.52479041,34.91795514,-88.50281775,34.89993619,-88.52479041,34.89993619,-88.50281775
USA,Sewage treatment plant,31.8844480,-81.6072610,31.89377781,-81.61824703,31.89377781,-81.59627438,31.87512050,-81.61824703,31.87512050,-81.59627438
USA,Sewage treatment plant,29.5463330,-95.3129720,29.55588971,-95.32395959,29.55588971,-95.30198693,29.53677444,-95.32395959,29.53677444,-95.30198693
USA,Sewage treatment plant,39.0070300,-84.8412100,39.01556594,-84.85219717,39.01556594,-84.83022451,38.99849168,-84.85219717,38.99849168,-84.83022451
USA,Sewage treatment plant,26.2615860,-80.1527220,26.27143877,-80.16370654,26.27143877,-80.14173388,26.25173406,-80.16370654,26.25173406,-80.14173388
USA,Sewage treatment plant,29.4171670,-94.8963060,29.42673547,-94.90729451,29.42673547,-94.88532186,29.40759582,-94.90729451,29.40759582,-94.88532186
USA,Sewage treatment plant,46.3138890,-120.0175020,46.32147835,-120.02848864,46.32147835,-120.00651598,46.30630168,-120.02848864,46.30630168,-120.00651598
USA,Sewage treatment plant,40.6743060,-73.3423890,40.68263952,-73.35337400,40.68263952,-73.33140135,40.66597487,-73.35337400,40.66597487,-73.33140135
USA,Sewage treatment plant,37.82553702029054, -122.29516533847985,37.83421290,-122.30615079,37.83421290,-122.28417814,37.81685710,-122.30615079,37.81685710,-122.28417814
USA,Sewage treatment plant,39.7706940,-86.2323060,39.77913963,-86.24329269,39.77913963,-86.22132003,39.76225121,-86.24329269,39.76225121,-86.22132003
USA,Sewage treatment plant,29.5985800,-95.2077320,29.60813023,-95.21872044,29.60813023,-95.19674778,29.58902485,-95.21872044,29.58902485,-95.19674778
USA,Sewage treatment plant,29.6302780,-90.7336110,29.63982617,-90.74459732,29.63982617,-90.72262466,29.62072680,-90.74459732,29.62072680,-90.72262466
USA,Sewage treatment plant,43.02300,-87.89800,43.03103141,-87.90898740,43.03103141,-87.88701475,43.01496765,-87.90898740,43.01496765,-87.88701475
USA,Sewage treatment plant,26.2933060,-98.1377500,26.30315363,-98.14873874,26.30315363,-98.12676609,26.28345431,-98.14873874,26.28345431,-98.12676609
USA,Sewage treatment plant,39.911622600878395, -83.01740277401288,39.92004717,-83.02839160,39.92004717,-83.00641894,39.90319337,-83.02839160,39.90319337,-83.00641894
USA,Sewage treatment plant,42.6772220,-73.7307220,42.68529832,-73.74170959,42.68529832,-73.71973693,42.66914437,-73.74170959,42.66914437,-73.71973693
USA,Sewage treatment plant,30.6033330,-87.2675000,30.61279082,-87.27848589,30.61279082,-87.25651324,30.59387869,-87.27848589,30.59387869,-87.25651324
USA,Sewage treatment plant,39.8422500,-86.4082500,39.85068386,-86.41923487,39.85068386,-86.39726222,39.83381301,-86.41923487,39.83381301,-86.39726222
USA,Sewage treatment plant,38.6886450,-76.9967680,38.69722097,-77.00775504,38.69722097,-76.98578238,38.68007012,-77.00775504,38.68007012,-76.98578238
USA,Sewage treatment plant,37.6518650,-77.3133010,37.66056474,-77.32428789,37.66056474,-77.30231524,37.64316817,-77.32428789,37.64316817,-77.30231524
USA,Sewage treatment plant,27.4496110,-99.4936940,27.45935845,-99.50468123,27.45935845,-99.48270857,27.43985955,-99.50468123,27.43985955,-99.48270857
USA,Sewage treatment plant,30.0353410,-94.1335750,30.04485259,-94.14456010,30.04485259,-94.12258744,30.02583049,-94.14456010,30.02583049,-94.12258744
USA,Sewage treatment plant,34.1027220,-84.4479720,34.11181788,-84.45895851,34.11181788,-84.43698585,34.09362378,-84.45895851,34.09362378,-84.43698585
USA,Sewage treatment plant,40.0394440,-86.0250000,40.04785428,-86.03598475,40.04785428,-86.01401210,40.03103198,-86.03598475,40.03103198,-86.01401210
USA,Sewage treatment plant,29.9624170,-95.3571390,29.97193486,-95.36812484,29.97193486,-95.34615219,29.95289878,-95.36812484,29.95289878,-95.34615219
USA,Sewage treatment plant,39.3719500,-84.5688500,39.38044168,-84.57983494,39.38044168,-84.55786228,39.36345585,-84.57983494,39.36345585,-84.55786228
USA,Sewage treatment plant,40.1126940,-85.7173890,40.12109540,-85.72837293,40.12109540,-85.70640028,40.10429118,-85.72837293,40.10429118,-85.70640028
USA,Sewage treatment plant,34.5517600,-92.5934940,34.56080635,-92.60447860,34.56080635,-92.58250594,34.54270936,-92.60447860,34.54270936,-92.58250594
USA,Sewage treatment plant,37.9663330,-87.6176670,37.97499283,-87.62865365,37.97499283,-87.60668099,37.95767020,-87.62865365,37.95767020,-87.60668099
USA,Sewage treatment plant,42.9210000,-74.1665000,42.92904387,-74.17748809,42.92904387,-74.15551543,42.91295344,-74.17748809,42.91295344,-74.15551543
USA,Sewage treatment plant,28.7523610,-97.0065830,28.76199264,-97.01757073,28.76199264,-96.99559808,28.74272906,-97.01757073,28.74272906,-96.99559808
USA,Sewage treatment plant,38.2866940,-85.7437500,38.29531736,-85.75473368,38.29531736,-85.73276103,38.27807057,-85.75473368,38.27807057,-85.73276103
USA,Sewage treatment plant,25.8972220,-97.4687780,25.90710520,-97.47976363,25.90710520,-97.45779097,25.88733906,-97.47976363,25.88733906,-97.45779097
USA,Sewage treatment plant,42.0847220,-76.0911110,42.09287654,-76.10209644,42.09287654,-76.08012378,42.07656943,-76.10209644,42.07656943,-76.08012378
USA,Sewage treatment plant,39.6273060,-85.1416940,39.63576586,-85.15267968,39.63576586,-85.13070703,39.61884232,-85.15267968,39.61884232,-85.13070703
USA,Sewage treatment plant,33.2288880,-96.5597220,33.23807732,-96.57070935,33.23807732,-96.54873669,33.21969746,-96.57070935,33.21969746,-96.54873669
USA,Sewage treatment plant,29.9681660,-97.8330190,29.97768308,-97.84400761,29.97768308,-97.82203496,29.95864810,-97.84400761,29.95864810,-97.82203496
USA,Sewage treatment plant,43.0544720,-76.0082500,43.06249966,-76.01923764,43.06249966,-75.99726498,43.04644413,-76.01923764,43.04644413,-75.99726498
USA,Sewage treatment plant,25.9540140,-97.4539350,25.96389028,-97.46492028,25.96389028,-97.44294763,25.94413366,-97.46492028,25.94413366,-97.44294763
USA,Sewage treatment plant,37.9419720,-87.3490560,37.95063594,-87.36004114,37.95063594,-87.33806849,37.93330756,-87.36004114,37.93330756,-87.33806849
USA,Sewage treatment plant,40.3375130,-76.4621510,40.34588588,-76.47313714,40.34588588,-76.45116448,40.32913734,-76.47313714,40.32913734,-76.45116448
USA,Sewage treatment plant,40.6523060,-73.5064720,40.66064016,-73.51746082,40.66064016,-73.49548817,40.64397001,-73.51746082,40.64397001,-73.49548817
USA,Sewage treatment plant,39.7254100,-84.2300700,39.73385811,-84.24105585,39.73385811,-84.21908319,39.71695858,-84.24105585,39.71695858,-84.21908319
USA,Sewage treatment plant,40.6200280,-75.3365280,40.62836647,-75.34751594,40.62836647,-75.32554328,40.61168826,-75.34751594,40.61168826,-75.32554328
USA,Sewage treatment plant,34.2271670,-88.6997780,34.23625086,-88.71076405,34.23625086,-88.68879139,34.21808356,-88.71076405,34.21808356,-88.68879139
USA,Sewage treatment plant,32.9965370,-97.0325170,33.00575289,-97.04350233,33.00575289,-97.02152967,32.98732435,-97.04350233,32.98732435,-97.02152967
USA,Sewage treatment plant,41.5568100,-83.6501500,41.56503019,-83.66113544,41.56503019,-83.63916278,41.54858808,-83.66113544,41.54858808,-83.63916278
USA,Sewage treatment plant,29.6291340,-95.4091260,29.63868386,-95.42011142,29.63868386,-95.39813876,29.61958426,-95.42011142,29.61958426,-95.39813876
USA,Sewage treatment plant,35.3069440,-81.1344440,35.31590872,-81.14543259,35.31590872,-81.12345994,35.29797755,-81.14543259,35.29797755,-81.12345994
USA,Sewage treatment plant,38.5788440,-77.1094760,38.58743230,-77.12046146,38.58743230,-77.09848881,38.57025516,-77.12046146,38.57025516,-77.09848881
USA,Sewage treatment plant,32.9719440,-96.5472220,32.98115965,-96.55821025,32.98115965,-96.53623760,32.96272597,-96.55821025,32.96272597,-96.53623760
USA,Sewage treatment plant,29.8449610,-95.4632950,29.85449076,-95.47428131,29.85449076,-95.45230865,29.83543222,-95.47428131,29.83543222,-95.45230865
USA,Sewage treatment plant,29.6696880,-95.5430190,29.67923516,-95.55400729,29.67923516,-95.53203464,29.66014326,-95.55400729,29.66014326,-95.53203464
USA,Sewage treatment plant,38.9564440,-85.9308330,38.96498564,-85.94181776,38.96498564,-85.91984510,38.94789917,-85.94181776,38.94789917,-85.91984510
USA,Sewage treatment plant,35.6250850,-106.0892130,35.63401311,-106.10020101,35.63401311,-106.07822835,35.61615272,-106.10020101,35.61615272,-106.07822835
USA,Sewage treatment plant,18.1294070,-65.7907170,18.13984666,-65.80170572,18.13984666,-65.77973306,18.11896481,-65.80170572,18.11896481,-65.77973306
USA,Sewage treatment plant,41.0796110,-85.1043890,41.08789089,-85.11537552,41.08789089,-85.09340286,41.07132796,-85.11537552,41.07132796,-85.09340286
USA,Sewage treatment plant,43.9896390,-75.9286390,43.99754196,-75.93962431,43.99754196,-75.91765165,43.98173340,-75.93962431,43.98173340,-75.91765165
USA,Sewage treatment plant,29.8987000,-90.1680440,29.90822218,-90.17903209,29.90822218,-90.15705943,29.88917391,-90.17903209,29.88917391,-90.15705943
USA,Sewage treatment plant,29.3655310,-95.2341200,29.37510718,-95.24510801,29.37510718,-95.22313535,29.35595781,-95.24510801,29.35595781,-95.22313535
China,Iron and steel plants,41.156,122.99397,41.16427052,122.98298478,41.16427052,123.00495744,41.14772685,122.98298478,41.14772685,123.00495744
China,Iron and steel plants,40.64761,109.74314,40.65594396,109.73215342,40.65594396,109.75412607,40.63927264,109.73215342,40.63927264,109.75412607
China,Iron and steel plants,35.385,119.545,35.39395664,119.53401268,35.39395664,119.55598533,35.37604278,119.53401268,35.37604278,119.55598533
China,Iron and steel plants,26.581,101.656,26.59082493,101.64501429,26.59082493,101.66698694,26.57117473,101.64501429,26.57117473,101.66698694
China,Iron and steel plants,36.583,114.418,36.59182066,114.40701306,36.59182066,114.42898571,36.57417674,114.40701306,36.57417674,114.42898571
China,Iron and steel plants,27.78757,114.91432,27.79728682,114.90333438,27.79728682,114.92530704,27.77784801,114.90333438,27.77784801,114.92530704
China,Iron and steel plants,32.18701,118.74324,32.19630595,118.73225212,32.19630595,118.75422478,32.17771019,118.73225212,32.17771019,118.75422478
China,Iron and steel plants,37.92338,112.53849,37.93204669,112.52750337,37.93204669,112.54947603,37.91471393,112.52750337,37.91471393,112.54947603
China,Iron and steel plants,41.27822,123.71091,41.28647757,123.69992316,41.28647757,123.72189581,41.26996480,123.69992316,41.26996480,123.72189581
China,Iron and steel plants,31.70966,118.48513,31.71900475,118.47414315,31.71900475,118.49611580,31.70031212,118.47414315,31.70031212,118.49611580
China,Iron and steel plants,31.41,121.465,31.41937510,121.45401299,31.41937510,121.47598565,31.40062232,121.45401299,31.40062232,121.47598565
China,Iron and steel plants,30.62552,114.44445,30.63497186,114.43346500,30.63497186,114.45543766,30.61606406,114.43346500,30.61606406,114.45543766
China,Iron and steel plants,31.905,120.545,31.91432563,120.53401530,31.91432563,120.55598795,31.89567249,120.53401530,31.89567249,120.55598795
China,Iron and steel plants,31.9802370,120.5714550,31.98955558,120.56046724,31.98955558,120.58243990,31.97091770,120.56046724,31.97091770,120.58243990
China,Iron and steel plants,39.2578230,119.0335670,39.26633011,119.02257979,39.26633011,119.04455245,39.24931654,119.02257979,39.24931654,119.04455245
China,Iron and steel plants,24.3853040,109.3796300,24.39531075,109.36864436,24.39531075,109.39061701,24.37529828,109.36864436,24.37529828,109.39061701
China,Iron and steel plants,40.0440260,118.5520010,40.05243698,118.54101598,40.05243698,118.56298864,40.03561581,118.54101598,40.03561581,118.56298864
China,Iron and steel plants,35.6659450,111.0259760,35.67486854,111.01498961,35.67486854,111.03696227,35.65701729,111.01498961,35.65701729,111.03696227
China,Iron and steel plants,27.6455500,113.9021260,27.65528367,113.89113843,27.65528367,113.91311109,27.63581953,113.89113843,27.63581953,113.91311109
China,Iron and steel plants,36.6640970,114.1152630,36.67291094,114.10427749,36.67291094,114.12625015,36.65528557,114.10427749,36.65528557,114.12625015
China,Iron and steel plants,24.6735670,110.7895900,24.68355022,110.77860117,24.68355022,110.80057383,24.66358365,110.77860117,24.66358365,110.80057383
China,Iron and steel plants,41.1736130,122.9455010,41.18188396,122.93451726,41.18188396,122.95648992,41.16534474,122.93451726,41.16534474,122.95648992
China,Iron and steel plants,26.2611090,117.6147090,26.27096255,117.60372341,26.27096255,117.62569606,26.25125776,117.60372341,26.25125776,117.62569606
China,Iron and steel plants,36.2292010,116.5339810,36.23806452,116.52299702,36.23806452,116.54496968,36.22034008,116.52299702,36.22034008,116.54496968
China,Iron and steel plants,31.4351490,107.6859810,31.44452248,107.67499566,31.44452248,107.69696832,31.42577473,107.67499566,31.42577473,107.69696832
China,Iron and steel plants,29.9167290,113.8229210,29.92624865,113.81193280,29.92624865,113.83390546,29.90720383,113.81193280,29.90720383,113.83390546
China,Iron and steel plants,36.6215040,114.1281890,36.63032088,114.11720037,36.63032088,114.13917303,36.61268576,114.11720037,36.61268576,114.13917303
China,Iron and steel plants,43.2002300,124.3356970,43.20823740,124.32471156,43.20823740,124.34668422,43.19222008,124.32471156,43.19222008,124.34668422
China,Iron and steel plants,40.6897780,110.2147070,40.69810836,110.20372331,40.69810836,110.22569597,40.68144758,110.20372331,40.68144758,110.22569597
China,Iron and steel plants,35.7018950,110.7868260,35.71081606,110.77583849,35.71081606,110.79781115,35.69297285,110.77583849,35.69297285,110.79781115
China,Iron and steel plants,35.9348310,111.4970700,35.94372563,111.48608208,35.94372563,111.50805473,35.92593470,111.48608208,35.92593470,111.50805473
China,Iron and steel plants,41.8387740,123.8065860,41.84695881,123.79559755,41.84695881,123.81757021,41.83058864,123.79559755,41.83058864,123.81757021
China,Iron and steel plants,38.9706380,117.4957940,38.97917812,117.48481035,38.97917812,117.50678301,38.96209508,117.48481035,38.96209508,117.50678301
China,Iron and steel plants,32.1383930,119.5546930,32.14769744,119.54370618,32.14769744,119.56567883,32.12909175,119.54370618,32.12909175,119.56567883
China,Iron and steel plants,36.3084470,117.5404250,36.31729933,117.52943695,36.31729933,117.55140960,36.29959287,117.52943695,36.29959287,117.55140960
China,Iron and steel plants,36.0336460,104.0355350,36.04252782,104.02454674,36.04252782,104.04651940,36.02475916,104.02454674,36.02475916,104.04651940
China,Iron and steel plants,37.0750170,111.9851480,37.08378233,111.97416365,37.08378233,111.99613631,37.06625151,111.97416365,37.06625151,111.99613631
China,Iron and steel plants,27.6151470,106.9499260,27.62488368,106.93893850,27.62488368,106.96091115,27.60541413,106.93893850,27.60541413,106.96091115
China,Iron and steel plants,28.7872020,120.2485920,28.79682830,120.23760438,28.79682830,120.25957704,28.77757115,120.23760438,28.77757115,120.25957704
China,Iron and steel plants,46.6022970,131.0718770,46.60984628,131.06089175,46.60984628,131.08286440,46.59474979,131.06089175,46.59474979,131.08286440
China,Iron and steel plants,31.6025540,119.7242560,31.61190925,119.71327007,31.61190925,119.73524272,31.59319506,119.71327007,31.59319506,119.73524272
China,Iron and steel plants,44.0119510,126.5370860,44.01985050,126.52609706,44.01985050,126.54806972,44.00404788,126.52609706,44.00404788,126.54806972
China,Iron and steel plants,32.1272630,112.7156880,32.13656446,112.70470083,32.13656446,112.72667348,32.11795650,112.70470083,32.11795650,112.72667348
China,Iron and steel plants,31.7238330,120.8356850,31.73317688,120.82469702,31.73317688,120.84666967,31.71448710,120.82469702,31.71448710,120.84666967
China,Iron and steel plants,36.1316660,113.8721580,36.14053904,113.86117280,36.14053904,113.88314545,36.12279251,113.86117280,36.12279251,113.88314545
China,Iron and steel plants,35.7277760,111.3301220,35.73669381,111.31913602,35.73669381,111.34110868,35.71885639,111.31913602,35.71885639,111.34110868
China,Iron and steel plants,30.2046030,115.1258380,30.21409761,115.11485338,30.21409761,115.13682604,30.19510808,115.11485338,30.19510808,115.13682604
China,Iron and steel plants,23.0881820,109.6346380,23.09828627,109.62365270,23.09828627,109.64562535,23.07807358,109.62365270,23.07807358,109.64562535
China,Iron and steel plants,23.5244650,111.2402000,23.53454023,111.22921228,23.53454023,111.25118494,23.51439372,111.22921228,23.51439372,111.25118494
China,Iron and steel plants,46.0556850,122.0632820,46.06330821,122.05229580,46.06330821,122.07426846,46.04806009,122.05229580,46.04806009,122.07426846
China,Iron and steel plants,34.2635090,113.8539790,34.27258700,113.84299278,34.27258700,113.86496544,34.25442754,113.84299278,34.25442754,113.86496544
China,Iron and steel plants,39.9255080,118.6727570,39.93393116,118.66176903,39.93393116,118.68374169,39.91708078,118.66176903,39.91708078,118.68374169
China,Iron and steel plants,25.1425160,102.0777270,25.15246164,102.06673801,25.15246164,102.08871067,25.13257081,102.06673801,25.13257081,102.08871067
China,Iron and steel plants,35.8799560,114.3348250,35.88885885,114.32383776,35.88885885,114.34581041,35.87105558,114.32383776,35.87105558,114.34581041
China,Iron and steel plants,31.2466350,119.1204430,31.25602804,119.10945654,31.25602804,119.13142920,31.23724269,119.10945654,31.23724269,119.13142920
China,Iron and steel plants,37.7523510,115.1847980,37.76103751,115.17381370,37.76103751,115.19578636,37.74366451,115.17381370,37.74366451,115.19578636
China,Iron and steel plants,35.5868410,111.2584360,35.59577586,111.24745131,35.59577586,111.26942396,35.57790693,111.24745131,35.57790693,111.26942396
China,Iron and steel plants,35.6629850,112.8823950,35.67190959,112.87141085,35.67190959,112.89338350,35.65405768,112.87141085,35.65405768,112.89338350
China,Iron and steel plants,41.1913800,122.8773110,41.19964605,122.86632478,41.19964605,122.88829744,41.18311131,122.86632478,41.18311131,122.88829744
China,Iron and steel plants,39.6106050,118.4747220,39.61906959,118.46373618,39.61906959,118.48570883,39.60214196,118.46373618,39.60214196,118.48570883
China,Iron and steel plants,39.9388660,118.5766780,39.94729003,118.56569231,39.94729003,118.58766496,39.93044294,118.56569231,39.93044294,118.58766496
China,Iron and steel plants,23.3977500,114.8986460,23.40783070,114.88765955,23.40783070,114.90963221,23.38766485,114.88765955,23.38766485,114.90963221
China,Iron and steel plants,36.6685600,101.6714140,36.67737258,101.66042626,36.67737258,101.68239892,36.65974824,101.66042626,36.65974824,101.68239892
China,Iron and steel plants,39.7483730,118.6247940,39.75682014,118.61380577,39.75682014,118.63577843,39.73992624,118.61380577,39.73992624,118.63577843
China,Iron and steel plants,45.5620020,126.9681280,45.56969341,126.95714414,45.56969341,126.97911680,45.55430954,126.95714414,45.55430954,126.97911680
China,Iron and steel plants,29.3979800,103.5425320,29.40754909,103.53154600,29.40754909,103.55351865,29.38840583,103.53154600,29.38840583,103.55351865
China,Iron and steel plants,26.7689250,119.7652030,26.77873184,119.75421667,26.77873184,119.77618933,26.75911399,119.75421667,26.75911399,119.77618933
China,Iron and steel plants,33.2113320,120.7748920,33.22052320,120.76390743,33.22052320,120.78588009,33.20213964,120.76390743,33.20213964,120.78588009
China,Iron and steel plants,41.8412230,123.7538950,41.84940838,123.74290824,41.84940838,123.76488090,41.83303883,123.74290824,41.83303883,123.76488090
China,Iron and steel plants,32.0277910,119.5770600,32.03710688,119.56607580,32.03710688,119.58804846,32.01847867,119.56607580,32.01847867,119.58804846
China,Iron and steel plants,25.2443960,118.0299050,25.25433181,118.01891863,25.25433181,118.04089129,25.23445762,118.01891863,25.23445762,118.04089129
China,Iron and steel plants,34.5001220,116.9088970,34.50917358,116.89791083,34.50917358,116.91988349,34.49106537,116.89791083,34.49106537,116.91988349
China,Iron and steel plants,26.5952290,104.8774130,26.60505196,104.86642778,26.60505196,104.88840044,26.58540419,104.86642778,26.58540419,104.88840044
China,Iron and steel plants,35.6184660,110.5757880,35.62739442,110.56480229,35.62739442,110.58677495,35.60953256,110.56480229,35.60953256,110.58677495
China,Iron and steel plants,39.2225660,118.0942010,39.23107721,118.08321655,39.23107721,118.10518920,39.21405509,118.08321655,39.21405509,118.10518920
China,Iron and steel plants,27.2244770,120.3288280,27.23424560,120.31783998,27.23424560,120.33981264,27.21470705,120.31783998,27.21470705,120.33981264
China,Iron and steel plants,35.6055060,110.6520560,35.61443886,110.64106822,35.61443886,110.66304088,35.59657411,110.64106822,35.59657411,110.66304088
China,Iron and steel plants,32.3291710,115.9549630,32.33845409,115.94397783,32.33845409,115.96595049,32.31988742,115.94397783,32.31988742,115.96595049
China,Iron and steel plants,36.7336750,113.9259950,36.74247791,113.91501009,36.74247791,113.93698275,36.72486849,113.91501009,36.72486849,113.93698275
China,Iron and steel plants,35.6943210,111.4293810,35.70324102,111.41839385,35.70324102,111.44036651,35.68539612,111.41839385,35.68539612,111.44036651
China,Iron and steel plants,32.8387030,119.4252360,32.84793313,119.41425204,32.84793313,119.43622470,32.82947169,119.41425204,32.82947169,119.43622470
China,Iron and steel plants,39.8527100,118.1812790,39.86114368,118.17029178,39.86114368,118.19226444,39.84427540,118.17029178,39.84427540,118.19226444
China,Iron and steel plants,29.7784310,116.2752700,29.78796551,116.26428187,29.78796551,116.28625453,29.76889429,116.26428187,29.76889429,116.28625453
China,Iron and steel plants,38.0750080,114.0330430,38.08365648,114.02205706,38.08365648,114.04402971,38.06635951,114.02205706,38.06635951,114.04402971
China,Iron and steel plants,35.19690332218558, 119.38273549638419,35.20588206,119.37174976,35.20588206,119.39372241,35.18792653,119.37174976,35.18792653,119.39372241
China,Iron and steel plants,38.3913720,114.1399980,38.39998161,114.12901282,38.39998161,114.15098548,38.38275973,114.12901282,38.38275973,114.15098548
China,Iron and steel plants,36.2214100,117.6277280,36.23027163,117.61674285,36.23027163,117.63871551,36.21254541,117.61674285,36.21254541,117.63871551
China,Iron and steel plants,31.0628070,117.9560150,31.07221538,117.94502914,31.07221538,117.96700180,31.05339355,117.94502914,31.05339355,117.96700180
China,Iron and steel plants,40.5150350,117.5960710,40.52338654,117.58508205,40.52338654,117.60705471,40.50668215,117.58508205,40.50668215,117.60705471
China,Iron and steel plants,24.9532610,102.3780820,24.96322223,102.36709714,24.96322223,102.38906980,24.94330068,102.36709714,24.94330068,102.38906980
China,Iron and steel plants,37.3707960,111.1611180,37.37952726,111.15013003,37.37952726,111.17210269,37.36206506,111.15013003,37.36206506,111.17210269
China,Iron and steel plants,28.0900980,119.5195090,28.09978976,119.50852096,28.09978976,119.53049362,28.08040530,119.50852096,28.08040530,119.53049362
China,Iron and steel plants,36.1061430,117.8201080,36.11501848,117.80912161,36.11501848,117.83109426,36.09726618,117.80912161,36.09726618,117.83109426
China,Iron and steel plants,39.9767020,118.5587880,39.98511917,118.54780197,39.98511917,118.56977463,39.96828139,118.54780197,39.96828139,118.56977463
China,Iron and steel plants,27.818711942248683, 112.89775133928798,27.82842629,112.88676381,27.82842629,112.90873647,27.80899305,112.88676381,27.80899305,112.90873647
China,Iron and steel plants,37.0861160,114.3848320,37.09487823,114.37384486,37.09487823,114.39581752,37.07734998,114.37384486,37.07734998,114.39581752
China,Iron and steel plants,27.748222204519585, 111.97014921852612,27.75794525,111.95916474,27.75794525,111.98113739,27.73849940,111.95916474,27.73849940,111.98113739
China,Iron and steel plants,39.1604010,118.4298060,39.16891986,118.41881990,39.16891986,118.44079256,39.15188268,118.41881990,39.15188268,118.44079256
China,Iron and steel plants,42.2781150,119.0152890,42.28624263,119.00430322,42.28624263,119.02627587,42.26998532,119.00430322,42.26998532,119.02627587
China,Iron and steel plants,31.5022720,118.4651620,31.51163758,118.45417678,31.51163758,118.47614944,31.49290327,118.45417678,31.49290327,118.47614944
China,Iron and steel plants,21.9609200,113.1987180,21.97111123,113.18772912,21.97111123,113.20970178,21.95073293,113.18772912,21.95073293,113.20970178
China,Iron and steel plants,40.1839130,118.0739130,40.19230719,118.06292832,40.19230719,118.08490098,40.17552058,118.06292832,40.17552058,118.08490098
China,Iron and steel plants,33.3645340,115.0996610,33.37371106,115.08867502,33.37371106,115.11064768,33.35535975,115.08867502,33.35535975,115.11064768
China,Iron and steel plants,36.6858810,113.8370730,36.69469179,113.82608414,36.69469179,113.84805679,36.67707142,113.82608414,36.67707142,113.84805679
China,LNG terminals,22.585,114.44,22.59514253,114.42901254,22.59514253,114.45098519,22.57485494,114.42901254,22.57485494,114.45098519
China,LNG terminals,38.9331,118.5329,38.94164506,118.52191329,38.94164506,118.54388595,38.92455296,118.52191329,38.92455296,118.54388595
China,LNG terminals,22.5938,114.4445,22.60394313,114.43351328,22.60394313,114.45548594,22.58365683,114.43351328,22.58365683,114.45548594
China,LNG terminals,38.9604,121.8841,38.96894380,121.87311351,38.96894380,121.89508617,38.95185829,121.87311351,38.95185829,121.89508617
China,LNG terminals,38.9311,117.8741,38.93964646,117.86311448,38.93964646,117.88508713,38.92255389,117.86311448,38.92255389,117.88508713
China,LNG terminals,21.4486,109.5321,21.45882517,109.52111185,21.45882517,109.54308450,21.43837421,109.52111185,21.43837421,109.54308450
China,LNG terminals,30.6044,122.1024,30.61385729,122.09141314,30.61385729,122.11338580,30.59494536,122.09141314,30.59494536,122.11338580
China,LNG terminals,19.7777,109.1605,19.78803638,109.14951324,19.78803638,109.17148590,19.76735983,109.14951324,19.76735983,109.17148590
China,LNG terminals,22.5766,114.4364,22.58674256,114.42541301,22.58674256,114.44738567,22.56645374,114.42541301,22.56645374,114.44738567
China,LNG terminals,35.5862,119.7597,35.59513463,119.74871278,35.59513463,119.77068543,35.57726557,119.74871278,35.57726557,119.77068543
China,LNG terminals,25.2135,118.9983,25.22343710,118.98731411,25.22343710,119.00928676,25.20355785,118.98731411,25.20355785,119.00928676
China,LNG terminals,24.30306,118.12639,24.31307135,118.11540306,24.31307135,118.13737571,24.29304588,118.11540306,24.29304588,118.13737571
China,LNG terminals,27.9031360,121.1279930,27.91284646,121.11700416,27.91284646,121.13897681,27.89342835,121.11700416,27.89342835,121.13897681
China,LNG terminals,34.286581, 120.270733,34.29565751,120.25974870,34.29565751,120.28172135,34.27750303,120.25974870,34.27750303,120.28172135
China,LNG terminals,21.5885731,108.3547283,21.59878912,108.34374011,21.59878912,108.36571276,21.57835785,108.34374011,21.57835785,108.36571276
China,LNG terminals,32.529623, 121.426788,32.53888585,121.41580224,32.53888585,121.43777490,32.52036041,121.41580224,32.52036041,121.43777490
China,LNG terminals,32.0418460,121.7469070,32.05115740,121.73591852,32.05115740,121.75789118,32.03253204,121.73591852,32.03253204,121.75789118
China,LNG terminals,22.6186190,114.3848410,22.62876204,114.37385559,22.62876204,114.39582825,22.60847940,114.37385559,22.60847940,114.39582825
China,LNG terminals,30.6812060,121.2468270,30.69065363,121.23584211,30.69065363,121.25781476,30.67175671,121.23584211,30.67175671,121.25781476
China,LNG terminals,22.8396933,113.5601836,22.84981927,113.54919970,22.84981927,113.57117236,22.82956940,113.54919970,22.82956940,113.57117236
China,LNG terminals,23.5836970,117.1285100,23.59376664,117.11752474,23.59376664,117.13949740,23.57362921,117.11752474,23.57362921,117.13949740
China,LNG terminals,22.9535960,113.5565520,22.96371305,113.54556799,22.96371305,113.56754065,22.94348016,113.54556799,22.94348016,113.56754065
China,LNG terminals,21.898671, 113.234963,21.90886268,113.22397649,21.90886268,113.24594915,21.88847546,113.22397649,21.88847546,113.24594915
China,LNG terminals,30.1006170,122.2825080,30.11012037,122.27152348,30.11012037,122.29349613,30.09111082,122.27152348,30.09111082,122.29349613
China,LNG terminals,29.918509, 121.897766,29.92802927,121.88678205,29.92802927,121.90875471,29.90898478,121.88678205,29.90898478,121.90875471
China,LNG terminals,22.9344790,116.3714270,22.94459661,116.36043906,22.94459661,116.38241172,22.92436087,116.36043906,22.92436087,116.38241172
China,LNG terminals,19.9775620,110.0576870,19.98788854,110.04670143,19.98788854,110.06867409,19.96723806,110.04670143,19.96723806,110.06867409
China,LNG terminals,31.2936740,121.7071930,31.30306216,121.69620574,31.30306216,121.71817839,31.28428617,121.69620574,31.28428617,121.71817839
China,Nuclear power plant,22.5977,114.5433,22.60784057,114.53231514,22.60784057,114.55428779,22.58755485,114.53231514,22.58755485,114.55428779
China,Nuclear power plant,36.7083,121.3833,36.71710719,121.37231290,36.71710719,121.39428556,36.69949196,121.37231290,36.69949196,121.39428556
China,Nuclear power plant,30.4413,120.9418,30.45077321,120.93081594,30.45077321,120.95278859,30.43182952,120.93081594,30.43182952,120.95278859
China,Nuclear power plant,21.7083,112.2611,21.71850538,112.25011468,21.71850538,112.27208734,21.69809105,112.25011468,21.69809105,112.27208734
China,Nuclear power plant,21.6708,108.5583,21.68100876,108.54731441,21.68100876,108.56928706,21.66058911,108.54731441,21.66058911,108.56928706
China,Nuclear power plant,27.044,120.284,27.05378473,120.27301490,27.05378473,120.29498756,27.03421462,120.27301490,27.03421462,120.29498756
China,Nuclear power plant,22.6,114.55,22.61014332,114.53901529,22.61014332,114.56098795,22.58985794,114.53901529,22.58985794,114.56098795
China,Nuclear power plant,39.797,121.4765,39.80544119,121.46551430,39.80544119,121.48748696,39.78855922,121.46551430,39.78855922,121.48748696
China,Nuclear power plant,25.4406,119.4416,25.45052121,119.43061352,25.45052121,119.45258617,25.43067922,119.43061352,25.43067922,119.45258617
China,Nuclear power plant,30.4358,120.9593,30.44526993,120.94831467,30.44526993,120.97028732,30.42632517,120.94831467,30.42632517,120.97028732
China,Nuclear power plant,34.6864,119.4586,34.69543352,119.44761336,34.69543352,119.46958601,34.67736586,119.44761336,34.67736586,119.46958601
China,Nuclear power plant,29.10270618952606, 121.638229920136420,29.11230378,121.62724614,29.11230378,121.64921880,29.09310518,121.62724614,29.09310518,121.64921880
China,Nuclear power plant,21.91830,112.98180,21.92849058,112.97081351,21.92849058,112.99278617,21.90810617,112.97081351,21.90810617,112.99278617
China,Nuclear power plant,19.460188415198886, 108.89994248735316,19.47054736,108.88895810,19.47054736,108.91093075,19.44982993,108.88895810,19.44982993,108.91093075
China,Nuclear power plant,36.9792000,122.5317000,36.98797687,122.52071142,36.98797687,122.54268408,36.97042392,122.52071142,36.97042392,122.54268408
China,Oil refineries,23.132,113.476,23.14210126,113.46501589,23.14210126,113.48698854,23.12189516,113.46501589,23.12189516,113.48698854
China,Oil refineries,46.5272,125.08853,46.53475718,125.07754326,46.53475718,125.09951591,46.51963977,125.07754326,46.51963977,125.09951591
China,Oil refineries,36.05441,120.18766,36.06329334,120.17667532,36.06329334,120.19864798,36.04552936,120.17667532,36.04552936,120.19864798
China,Oil refineries,31.34317,121.55367,31.35255122,121.54268146,31.35255122,121.56465411,31.33378510,121.54268146,31.33378510,121.56465411
China,Oil refineries,19.76381,109.18073,19.77414967,109.16974247,19.77414967,109.19171512,19.75347132,109.16974247,19.75347132,109.19171512
China,Oil refineries,39.73606,115.96528,39.74450895,115.95429361,39.74450895,115.97626626,39.72761204,115.95429361,39.72761204,115.97626626
China,Oil refineries,41.83077,124.05021,41.83895409,124.03922260,41.83895409,124.06119525,41.82258187,124.03922260,41.82258187,124.06119525
China,Oil refineries,21.04502,110.45066,21.05527141,110.43967187,21.05527141,110.46164453,21.03476436,110.43967187,21.03476436,110.46164453
China,Oil refineries,36.75856,118.25215,36.76736324,118.24116111,36.76736324,118.26313376,36.74975953,118.24116111,36.74975953,118.26313376
China,Oil refineries,29.54013,113.37298,29.54968791,113.36199224,29.54968791,113.38396490,29.53057146,113.36199224,29.53057146,113.38396490
China,Oil refineries,38.8273,117.40889,38.83585924,117.39790142,38.83585924,117.41987407,38.81874167,117.39790142,38.81874167,117.41987407
China,Oil refineries,34.91389,112.59891,34.92289911,112.58792281,34.92289911,112.60989547,34.90488124,112.58792281,34.90488124,112.60989547
China,Oil refineries,30.70694,121.30004,30.71638642,121.28905177,30.71638642,121.31102443,30.69749454,121.28905177,30.69749454,121.31102443
China,Oil refineries,39.57,121.265,39.57846692,121.25401139,39.57846692,121.27598405,39.56152937,121.25401139,39.56152937,121.27598405
China,Oil refineries,43.90431,126.59317,43.91222384,126.58218205,43.91222384,126.60415471,43.89639257,126.58218205,43.89639257,126.60415471
China,Oil refineries,38.97911,121.64629,38.98765138,121.63530350,38.98765138,121.65727615,38.97057038,121.63530350,38.97057038,121.65727615
China,Oil refineries,25.05676,118.89508,25.06671276,118.88409197,25.06671276,118.90606463,25.04680798,118.88409197,25.04680798,118.90606463
China,Oil refineries,32.16031,118.91943,32.16960967,118.90844107,32.16960967,118.93041372,32.15100846,118.90844107,32.15100846,118.93041372
China,Oil refineries,41.2116,123.2322,41.21986473,123.22121322,41.21986473,123.24318588,41.20333511,123.22121322,41.20333511,123.24318588
China,Oil refineries,29.98098,121.6717,29.99049803,121.66071475,29.99049803,121.68268740,29.97146551,121.66071475,29.97146551,121.68268740
China,Oil refineries,30.65073,114.43498,30.66017960,114.42399144,30.66017960,114.44596410,30.64127672,114.42399144,30.64127672,114.44596410
China,Oil refineries,36.11099,103.64181,36.11986326,103.63082528,36.11986326,103.65279794,36.10211206,103.63082528,36.10211206,103.65279794
China,Oil refineries,21.68174,110.88045,21.69195023,110.86946368,21.69195023,110.89143634,21.67153213,110.86946368,21.67153213,110.89143634
China,Oil refineries,36.1259300,103.6081800,36.13480305,103.59719574,36.13480305,103.61916840,36.11705523,103.59719574,36.11705523,103.61916840
China,Oil refineries,38.3375380,116.8734810,38.34615382,116.86249495,38.34615382,116.88446760,38.32891912,116.86249495,38.32891912,116.88446760
China,Oil refineries,34.3624490,108.7605410,34.37151720,108.74955297,34.37151720,108.77152562,34.35337913,108.74955297,34.35337913,108.77152562
China,Oil refineries,23.8059100,120.2084200,23.81596217,120.19743562,23.81596217,120.21940827,23.79585899,120.19743562,23.79585899,120.21940827
China,Oil refineries,40.8340000,121.0450400,40.84231238,121.03405416,40.84231238,121.05602682,40.82568771,121.03405416,40.82568771,121.05602682
China,Oil refineries,21.8241500,110.8448300,21.83434760,110.83384395,21.83434760,110.85581660,21.81394975,110.83384395,21.81394975,110.85581660
China,Oil refineries,46.5615700,124.8271900,46.56912477,124.81620491,46.56912477,124.83817756,46.55401693,124.81620491,46.55401693,124.83817756
China,Oil refineries,32.2619573,118.7881128,32.27124520,118.77712548,32.27124520,118.79909813,32.25266476,118.77712548,32.25266476,118.79909813
China,Oil refineries,22.9389344,116.2224751,22.94905241,116.21149063,22.94905241,116.23346329,22.92881734,116.21149063,22.92881734,116.23346329
China,Oil refineries,25.0340750,121.3083670,25.04402805,121.29738271,25.04402805,121.31935537,25.02411958,121.29738271,25.02411958,121.31935537
China,Oil refineries,43.9652910,87.7138880,43.97319826,87.70290256,43.97319826,87.72487521,43.95738321,87.70290256,43.95738321,87.72487521
China,Oil refineries,45.7570700,126.7378950,45.76473505,126.72690868,45.76473505,126.74888134,45.74940469,126.72690868,45.74940469,126.74888134
China,Oil refineries,41.1954048,121.9910050,41.20367010,121.98002100,41.20367010,122.00199366,41.18713639,121.98002100,41.18713639,122.00199366
China,Oil refineries,43.9676500,126.4823200,43.97555703,126.47133172,43.97555703,126.49330437,43.95974261,126.47133172,43.95974261,126.49330437
China,Oil refineries,41.0516300,120.9825100,41.05991426,120.97152114,41.05991426,120.99349380,41.04334428,120.97152114,41.04334428,120.99349380
China,Oil refineries,29.7404610,116.0662790,29.75000107,116.05529487,29.75000107,116.07726753,29.73092262,116.05529487,29.73092262,116.07726753
China,Oil refineries,37.5795400,108.8317130,37.58824629,108.82072806,37.58824629,108.84270072,37.57083280,108.82072806,37.57083280,108.84270072
China,Oil refineries,40.7359650,111.7524580,40.74429013,111.74147129,40.74429013,111.76344395,40.72764090,111.74147129,40.72764090,111.76344395
China,Oil refineries,22.7101500,120.3159430,22.72028382,120.30495465,22.72028382,120.32692730,22.70001471,120.30495465,22.70001471,120.32692730
China,Oil refineries,40.7350740,120.8270470,40.74340006,120.81606030,40.74340006,120.83803296,40.72675060,120.81606030,40.72675060,120.83803296
China,Oil refineries,35.6543660,109.3409360,35.66329358,109.32995081,35.66329358,109.35192347,35.64543974,109.32995081,35.64543974,109.35192347
China,Oil refineries,41.1559390,122.0944340,41.16420994,122.08344698,41.16420994,122.10541964,41.14766626,122.08344698,41.14766626,122.10541964
China,Oil refineries,30.5300370,117.0250360,30.53949959,117.01405048,30.53949959,117.03602314,30.52057316,117.01405048,30.52057316,117.03602314
China,Oil refineries,25.1846600,118.9427420,25.19460239,118.93175483,25.19460239,118.95372748,25.17471843,118.93175483,25.17471843,118.95372748
China,Oil refineries,22.5270840,120.3586680,22.53723377,120.34768224,22.53723377,120.36965489,22.51693766,120.34768224,22.51693766,120.36965489
China,Oil refineries,24.9119640,102.3744980,24.92192616,102.36351371,24.92192616,102.38548636,24.90199793,102.36351371,24.90199793,102.38548636
China,Oil refineries,36.7784510,118.1704050,36.78724851,118.15941811,36.78724851,118.18139076,36.76964936,118.15941811,36.76964936,118.18139076
China,Oil refineries,41.1395940,121.0927850,41.14786824,121.08179748,41.14786824,121.10377014,41.13132043,121.08179748,41.13132043,121.10377014
China,Oil refineries,21.7668260,108.5984600,21.77703100,108.58747244,21.77703100,108.60944510,21.75662498,108.58747244,21.75662498,108.60944510
China,Oil refineries,37.0045450,109.8401410,37.01331778,109.82915282,37.01331778,109.85112548,36.99577069,109.82915282,36.99577069,109.85112548
China,Oil refineries,36.2135480,120.3617340,36.22241304,120.35074532,36.22241304,120.37271798,36.20468505,120.35074532,36.20468505,120.37271798
China,Oil refineries,38.9850090,121.8425950,38.99354704,121.83160901,38.99354704,121.85358167,38.97646746,121.83160901,38.97646746,121.85358167
China,Oil refineries,38.4794692,106.0612496,38.48807019,106.05026364,38.48807019,106.07223630,38.47086931,106.05026364,38.47086931,106.07223630
China,Oil refineries,37.9791430,114.6714230,37.98780033,114.66043890,37.98780033,114.68241155,37.97048071,114.66043890,37.97048071,114.68241155
China,Oil refineries,36.7655129,118.0570657,36.77431164,118.04607868,36.77431164,118.06805134,36.75670952,118.04607868,36.75670952,118.06805134
China,Oil refineries,43.8676020,87.3748370,43.87552256,87.36384988,43.87552256,87.38582253,43.85968152,87.36384988,43.85968152,87.38582253
China,Oil refineries,38.7352280,116.1302120,38.74379559,116.11922801,38.74379559,116.14120066,38.72665591,116.11922801,38.72665591,116.14120066
China,Oil refineries,31.0154750,112.2172000,31.02489180,112.20621228,31.02489180,112.22818494,31.00606062,112.20621228,31.00606062,112.22818494
China,Oil refineries,45.0834020,124.8536290,45.09116021,124.84264076,45.09116021,124.86461341,45.07564583,124.84264076,45.07564583,124.86461341
China,Oil refineries,36.6917170,117.1594940,36.70052421,117.14850962,36.70052421,117.17048228,36.68290517,117.14850962,36.68290517,117.17048228
China,Oil refineries,22.7543900,114.5946210,22.76452300,114.58363652,22.76452300,114.60560918,22.74426044,114.58363652,22.74426044,114.60560918
China,Oil refineries,38.4246830,106.1169450,38.43329111,106.10595703,38.43329111,106.12792969,38.41607716,106.10595703,38.41607716,106.12792969
China,Power plants,31.7555,120.9699,31.76483959,120.95891476,31.76483959,120.98088741,31.74615620,120.95891476,31.74615620,120.98088741
China,Power plants,40.367,109.996,40.37536972,109.98501599,40.37536972,110.00698864,40.35862850,109.98501599,40.35862850,110.00698864
China,Power plants,39.2193,117.9299,39.22781107,117.91891515,39.22781107,117.94088781,39.21078816,117.91891515,39.21078816,117.94088781
China,Power plants,23.00556,116.54667,23.01567436,116.53568387,23.01567436,116.55765653,22.99544926,116.53568387,22.99544926,116.55765653
China,Power plants,21.86667,112.92278,21.87686698,112.91179419,21.87686698,112.93376684,21.85647519,112.91179419,21.85647519,112.93376684
China,Power plants,21.7005,108.6243,21.71070581,108.61331284,21.71070581,108.63528550,21.69029037,108.61331284,21.69029037,108.63528550
China,Power plants,34.3779,117.1759,34.38696865,117.16491401,34.38696865,117.18688667,34.36883393,117.16491401,34.36883393,117.18688667
China,Power plants,29.94056,121.81333,29.95007745,121.80234611,29.95007745,121.82431877,29.93103718,121.80234611,29.93103718,121.82431877
China,Power plants,35.32667,116.93389,35.33563455,116.92290366,35.33563455,116.94487631,35.31770775,116.92290366,35.31770775,116.94487631
China,Power plants,32.68417,116.90139,32.69341682,116.89040601,32.69341682,116.91237867,32.67492331,116.89040601,32.67492331,116.91237867
China,Power plants,44.2689,87.6879,44.27676729,87.67691195,44.27676729,87.69888461,44.26103330,87.67691195,44.26103330,87.69888461
China,Power plants,42.2237,116.0293,42.23183405,116.01831257,42.23183405,116.04028523,42.21556271,116.01831257,42.21556271,116.04028523
China,Power plants,31.6568,121.1798,31.66615274,121.16881371,31.66615274,121.19078636,31.64744946,121.16881371,31.64744946,121.19078636
China,Power plants,37.4477,122.2051,37.45642165,122.19411492,37.45642165,122.21608758,37.43897737,122.19411492,37.43897737,122.21608758
China,Power plants,32.1958,119.2497,32.20509858,119.23871219,32.20509858,119.26068485,32.18650461,119.23871219,32.18650461,119.26068485
China,Power plants,35.1676,112.7165,35.17657954,112.70551622,35.17657954,112.72748888,35.15861754,112.70551622,35.15861754,112.72748888
China,Power plants,24.7273,118.7497,24.73727736,118.73871624,24.73727736,118.76068890,24.71731940,118.73871624,24.71731940,118.76068890
China,Power plants,37.4322,120.0181,37.44092387,120.00711143,37.44092387,120.02908409,37.42347597,120.00711143,37.42347597,120.02908409
China,Power plants,30.7607,121.4008,30.77014068,121.38981164,30.77014068,121.41178429,30.75125934,121.38981164,30.75125934,121.41178429
China,Power plants,38.0575,106.6914,38.06614834,106.68041110,38.06614834,106.70238376,38.04884724,106.68041110,38.04884724,106.70238376
China,Power plants,40.08,120.0075,40.08840623,119.99651134,40.08840623,120.01848400,40.07159393,119.99651134,40.07159393,120.01848400
China,Power plants,30.62972,121.14611,30.63917207,121.13512516,30.63917207,121.15709782,30.62026509,121.13512516,30.62026509,121.15709782
China,Power plants,40.02889,113.29361,40.03730386,113.28262568,40.03730386,113.30459833,40.02047895,113.28262568,40.02047895,113.30459833
China,Power plants,29.3472,106.4342,29.35677603,106.42321408,29.35677603,106.44518673,29.33762322,106.42321408,29.33762322,106.44518673
China,Power plants,31.35583,121.59722,31.36521258,121.58623517,31.36521258,121.60820782,31.34644898,121.58623517,31.34644898,121.60820782
China,Power plants,30.5518,114.642,30.56125858,114.63101506,30.56125858,114.65298772,30.54233639,114.63101506,30.54233639,114.65298772
China,Power plants,31.9159,117.248,31.92522614,117.23701179,31.92522614,117.25898445,31.90657520,117.23701179,31.90657520,117.25898445
China,Power plants,22.74722,113.6775,22.75735032,113.66651416,22.75735032,113.68848681,22.73708670,113.66651416,22.73708670,113.68848681
China,Power plants,37.8923,112.0914,37.90097092,112.08041131,37.90097092,112.10238397,37.88363083,112.08041131,37.88363083,112.10238397
China,Power plants,23.56611,117.09694,23.57618097,117.08595514,23.57618097,117.10792780,23.55604085,117.08595514,23.55604085,117.10792780
China,Power plants,32.18167,119.57639,32.19096732,119.56540525,32.19096732,119.58737791,32.17237047,119.56540525,32.17237047,119.58737791
China,Power plants,35.46972,112.57806,35.47866547,112.56707132,35.47866547,112.58904397,35.46077045,112.56707132,35.46077045,112.58904397
China,Power plants,40.19694,111.36444,40.20533280,111.35345221,40.20533280,111.37542486,40.18854941,111.35345221,40.18854941,111.37542486
China,Power plants,29.48778,121.50944,29.49734245,121.49845183,29.49734245,121.52042449,29.47821611,121.49845183,29.47821611,121.52042449
China,Power plants,28.11583,121.13778,28.12551987,121.12679422,28.12551987,121.14876688,28.10614006,121.12679422,28.10614006,121.14876688
China,Power plants,30.6566,113.9173,30.66604908,113.90631437,30.66604908,113.92828703,30.64714735,113.90631437,30.64714735,113.92828703
China,Power plants,38.1483,106.3458,38.15693733,106.33481383,38.15693733,106.35678649,38.13965772,106.33481383,38.13965772,106.35678649
China,Sewage treatment plant,28.132629,112.958321,28.14231823,112.94733346,28.14231823,112.96930611,28.12294146,112.94733346,28.12294146,112.96930611
China,Sewage treatment plant,30.509837,104.116401,30.51930233,104.10541534,30.51930233,104.12738800,30.50037197,104.10541534,30.50037197,104.12738800
China,Sewage treatment plant,39.825986,116.434918,39.83442267,116.42393231,39.83442267,116.44590497,39.81754782,116.42393231,39.81754782,116.44590497
China,Sewage treatment plant,31.252429,121.74261,31.26181974,121.73162162,31.26181974,121.75359428,31.24303554,121.73162162,31.24303554,121.75359428
China,Sewage treatment plant,39.961221,116.508744,39.96964222,116.49775743,39.96964222,116.51973009,39.95280063,116.49775743,39.95280063,116.51973009
China,Sewage treatment plant,24.97952,102.715382,24.98947622,102.70439565,24.98947622,102.72636831,24.96955891,102.70439565,24.96955891,102.72636831
China,Sewage treatment plant,32.000547,118.849118,32.00986365,118.83812964,32.00986365,118.86010230,31.99122990,118.83812964,31.99122990,118.86010230
China,Sewage treatment plant,30.671179,114.286834,30.68062894,114.27584767,30.68062894,114.29782033,30.66173006,114.27584767,30.66173006,114.29782033
China,Sewage treatment plant,28.278597,112.944702,28.28827385,112.93371320,28.28827385,112.95568585,28.26892353,112.93371320,28.26892353,112.95568585
China,Sewage treatment plant,31.500192,120.366377,31.50955669,120.35539091,31.50955669,120.37736356,31.49082195,120.35539091,31.49082195,120.37736356
China,Sewage treatment plant,30.294896,120.309488,30.30438210,120.29850125,30.30438210,120.32047391,30.28541002,120.29850125,30.28541002,120.32047391
China,Sewage treatment plant,34.366993,108.910052,34.37605996,108.89906466,34.37605996,108.92103732,34.35792287,108.89906466,34.35792287,108.92103732
China,Sewage treatment plant,31.348298,121.61166,31.35768193,121.60067618,31.35768193,121.62264884,31.33891683,121.60067618,31.33891683,121.62264884
China,Sewage treatment plant,37.958995,114.529093,37.96765574,114.51810479,37.96765574,114.54007745,37.95033137,114.51810479,37.95033137,114.54007745
China,Sewage treatment plant,39.895771,116.52597,39.90419748,116.51498258,39.90419748,116.53695524,39.88733978,116.51498258,39.88733978,116.53695524
China,Sewage treatment plant,30.447735,114.413491,30.45720565,114.40250695,30.45720565,114.42447960,30.43826320,114.40250695,30.43826320,114.42447960
China,Sewage treatment plant,23.124946,113.214134,23.13504723,113.20314646,23.13504723,113.22511911,23.11484007,113.20314646,23.11484007,113.22511911
China,Sewage treatment plant,23.09608,113.462711,23.10618597,113.45172286,23.10618597,113.47369552,23.08597446,113.45172286,23.08597446,113.47369552
China,Sewage treatment plant,30.592278,104.003342,30.60173303,103.99235487,30.60173303,104.01432753,30.58281873,103.99235487,30.58281873,104.01432753
China,Sewage treatment plant,31.5812644,117.8758038,31.59062248,117.86481500,31.59062248,117.88678765,31.57190402,117.86481500,31.57190402,117.88678765
China,Sewage treatment plant,31.5285635,120.3294566,31.53792607,120.31846762,31.53792607,120.34044027,31.51919702,120.31846762,31.51919702,120.34044027
China,Sewage treatment plant,35.0218741,118.3445144,35.03087050,118.33352566,35.03087050,118.35549831,35.01287637,118.33352566,35.01287637,118.35549831
China,Sewage treatment plant,36.2041306,113.0674882,36.21299554,113.05649936,36.21299554,113.07847202,36.19526542,113.05649936,36.19526542,113.07847202
China,Sewage treatment plant,29.9767917,106.3660392,29.98630710,106.35505378,29.98630710,106.37702644,29.96727377,106.35505378,29.96727377,106.37702644
China,Sewage treatment plant,31.8482733,120.1432323,31.85760305,120.13224721,31.85760305,120.15421987,31.83893842,120.13224721,31.83893842,120.15421987
China,Sewage treatment plant,30.3361278,112.1430482,30.34561148,112.13205993,30.34561148,112.15403259,30.32664738,112.13205993,30.32664738,112.15403259
China,Sewage treatment plant,30.8637360,119.9640848,30.87316672,119.95309711,30.87316672,119.97506976,30.85430561,119.95309711,30.85430561,119.97506976
China,Sewage treatment plant,22.5106682,114.1194480,22.52081774,114.10846174,22.52081774,114.13043439,22.50051921,114.10846174,22.50051921,114.13043439
China,Sewage treatment plant,39.2415560,118.1735546,39.25006430,118.16256702,39.25006430,118.18453968,39.23304678,118.16256702,39.23304678,118.18453968
China,Sewage treatment plant,32.8254299,115.9304548,32.83465985,115.91946781,32.83465985,115.94144046,32.81619565,115.91946781,32.81619565,115.94144046
China,Sewage treatment plant,23.0834559,112.5199601,23.09356400,112.50897467,23.09356400,112.53094733,23.07335059,112.50897467,23.07335059,112.53094733
China,Sewage treatment plant,31.7566277,119.8559825,31.76597069,119.84499872,31.76597069,119.86697137,31.74728753,119.84499872,31.74728753,119.86697137
China,Sewage treatment plant,31.6136389,120.8436546,31.62299619,120.83266854,31.62299619,120.85464120,31.60428422,120.83266854,31.60428422,120.85464120
China,Sewage treatment plant,40.1710719,117.9286973,40.17946761,117.91771352,40.17946761,117.93968618,40.16267782,117.91771352,40.16267782,117.93968618
China,Sewage treatment plant,24.2798600,109.4503086,24.28987261,109.43932056,24.28987261,109.46129322,24.26984348,109.43932056,24.26984348,109.46129322
China,Sewage treatment plant,28.7292981,115.8732532,28.73893330,115.86226702,28.73893330,115.88423967,28.71966547,115.86226702,28.71966547,115.88423967
China,Sewage treatment plant,22.6787243,114.0400103,22.68885949,114.02902544,22.68885949,114.05099809,22.66858573,114.02902544,22.66858573,114.05099809
China,Sewage treatment plant,40.7093998,114.8863612,40.71772906,114.87537503,40.71772906,114.89734769,40.70107318,114.87537503,40.70107318,114.89734769
China,Sewage treatment plant,26.0533044,119.3645196,26.06317294,119.35353220,26.06317294,119.37550485,26.04343301,119.35353220,26.04343301,119.37550485
China,Sewage treatment plant,30.7500665,103.9077434,30.75950655,103.89675558,30.75950655,103.91872823,30.74062312,103.89675558,30.74062312,103.91872823
China,Sewage treatment plant,23.0531929,113.3435704,23.06330197,113.33258450,23.06330197,113.35455716,23.04308402,113.33258450,23.04308402,113.35455716
China,Sewage treatment plant,22.4570785,114.1906726,22.46723033,114.17968512,22.46723033,114.20165777,22.44692395,114.17968512,22.44692395,114.20165777
China,Sewage treatment plant,40.7065669,111.5571255,40.71489509,111.54613674,40.71489509,111.56810939,40.69823851,111.54613674,40.69823851,111.56810939
China,Sewage treatment plant,35.7010822,114.5669810,35.71000152,114.55599368,35.71000152,114.57796633,35.69215813,114.55599368,35.69215813,114.57796633
China,Sewage treatment plant,31.6617061,119.9726280,31.67105625,119.96164262,31.67105625,119.98361528,31.65235395,119.96164262,31.65235395,119.98361528
China,Sewage treatment plant,24.7364826,113.5664610,24.74646104,113.55547607,24.74646104,113.57744873,24.72650455,113.55547607,24.72650455,113.57744873
